absent_player,team_name,teammate,avg_mins,games_sampled
Te-Hina Paopao,Atlanta Dream,Jordin Canada,33.03,3
Te-Hina Paopao,Atlanta Dream,Allisha Gray,32.99,3
Te-Hina Paopao,Atlanta Dream,Rhyne Howard,32.54,3
Te-Hina Paopao,Atlanta Dream,Angel Reese,28.96,3
Te-Hina Paopao,Atlanta Dream,Naz Hillmon,26.86,3
Te-Hina Paopao,Atlanta Dream,Brionna Jones,17.22,3
Te-Hina Paopao,Atlanta Dream,Isobel Borlase,15.95,3
Te-Hina Paopao,Atlanta Dream,Madina Okot,5.81,3
Te-Hina Paopao,Atlanta Dream,Jaylyn Sherrod,5.28,3
Te-Hina Paopao,Atlanta Dream,Shatori Walker-Kimbrough,1.17,2
Aicha Coulibaly,Chicago Sky,Paige Bueckers,35.81,2
Aicha Coulibaly,Chicago Sky,Jessica Shepard,34.18,2
Aicha Coulibaly,Chicago Sky,Azzi Fudd,34.14,2
Aicha Coulibaly,Chicago Sky,Arike Ogunbowale,31.02,2
Aicha Coulibaly,Chicago Sky,Skylar Diggins,28.78,9
Aicha Coulibaly,Chicago Sky,Kamilla Cardoso,27.85,10
Aicha Coulibaly,Chicago Sky,Leila Lacan,26.80,2
Aicha Coulibaly,Chicago Sky,Diamond Miller,25.83,2
Aicha Coulibaly,Chicago Sky,Natasha Cloud,25.73,11
Aicha Coulibaly,Chicago Sky,Brittney Griner,25.46,2
Aicha Coulibaly,Chicago Sky,Azura Stevens,24.91,10
Aicha Coulibaly,Chicago Sky,Gabriela Jaquez,21.52,9
Aicha Coulibaly,Chicago Sky,Jacy Sheldon,21.33,11
Aicha Coulibaly,Chicago Sky,Aneesah Morrow,20.38,2
Aicha Coulibaly,Chicago Sky,Li Yueru,19.06,2
Aicha Coulibaly,Chicago Sky,Sydney Taylor,18.50,10
Aicha Coulibaly,Chicago Sky,Charlisse Leger-Walker,18.47,2
Aicha Coulibaly,Chicago Sky,Saniya Rivers,18.38,2
Aicha Coulibaly,Chicago Sky,Olivia Nelson-Ododa,18.28,2
Aicha Coulibaly,Chicago Sky,Elizabeth Williams,18.19,11
Aicha Coulibaly,Chicago Sky,Courtney Vandersloot,17.91,3
Aicha Coulibaly,Chicago Sky,Rachel Banham,15.24,10
Aicha Coulibaly,Chicago Sky,Nell Angloma,12.16,2
Aicha Coulibaly,Chicago Sky,Awak Kuier,10.95,2
Aicha Coulibaly,Chicago Sky,Maddy Siegrist,10.24,2
Aicha Coulibaly,Chicago Sky,Maddy Westbeld,9.49,3
Aicha Coulibaly,Chicago Sky,Sug Sutton,7.26,2
Aicha Coulibaly,Chicago Sky,Gianna Kneepkens,6.37,2
Aicha Coulibaly,Chicago Sky,Saylor Poffenbarger,6.10,4
Aicha Coulibaly,Chicago Sky,Aziaha James,6.09,2
Aicha Coulibaly,Chicago Sky,Raegan Beers,5.53,2
Aicha Coulibaly,Chicago Sky,Alanna Smith,5.47,2
Azura Stevens,Chicago Sky,Rickea Jackson,29.50,4
Azura Stevens,Chicago Sky,Skylar Diggins,28.20,4
Azura Stevens,Chicago Sky,Natasha Cloud,27.70,5
Azura Stevens,Chicago Sky,Gabriela Jaquez,26.69,6
Azura Stevens,Chicago Sky,Jacy Sheldon,26.41,6
Azura Stevens,Chicago Sky,Kamilla Cardoso,25.66,6
Azura Stevens,Chicago Sky,Rachel Banham,16.05,5
Azura Stevens,Chicago Sky,Elizabeth Williams,16.05,6
Azura Stevens,Chicago Sky,Aicha Coulibaly,14.47,5
Azura Stevens,Chicago Sky,Sydney Taylor,12.80,4
Courtney Vandersloot,Chicago Sky,Kayla McBride,35.50,3
Courtney Vandersloot,Chicago Sky,Paige Bueckers,34.13,2
Courtney Vandersloot,Chicago Sky,Olivia Miles,33.17,3
Courtney Vandersloot,Chicago Sky,Jessica Shepard,32.76,2
Courtney Vandersloot,Chicago Sky,Brittney Sykes,32.67,2
Courtney Vandersloot,Chicago Sky,Arike Ogunbowale,32.25,2
Courtney Vandersloot,Chicago Sky,Azzi Fudd,30.86,2
Courtney Vandersloot,Chicago Sky,Courtney Williams,30.83,3
Courtney Vandersloot,Chicago Sky,Natasha Howard,30.45,3
Courtney Vandersloot,Chicago Sky,Bridget Carleton,29.58,2
Courtney Vandersloot,Chicago Sky,Rickea Jackson,29.50,4
Courtney Vandersloot,Chicago Sky,Skylar Diggins,29.24,16
Courtney Vandersloot,Chicago Sky,Marina Mabrey,29.03,2
Courtney Vandersloot,Chicago Sky,Carla Leite,28.44,2
Courtney Vandersloot,Chicago Sky,Natasha Cloud,27.30,16
Courtney Vandersloot,Chicago Sky,Leila Lacan,26.80,2
Courtney Vandersloot,Chicago Sky,Kamilla Cardoso,26.64,17
Courtney Vandersloot,Chicago Sky,Nyara Sabally,26.53,2
Courtney Vandersloot,Chicago Sky,Diamond Miller,25.83,2
Courtney Vandersloot,Chicago Sky,Brittney Griner,25.46,2
Courtney Vandersloot,Chicago Sky,Nia Coffey,25.43,3
Courtney Vandersloot,Chicago Sky,Gabriela Jaquez,25.23,13
Courtney Vandersloot,Chicago Sky,Sarah Ashlee Barker,25.01,2
Courtney Vandersloot,Chicago Sky,Jacy Sheldon,23.45,17
Courtney Vandersloot,Chicago Sky,Maria Conde,22.91,2
Courtney Vandersloot,Chicago Sky,Laura Juskaite,22.18,2
Courtney Vandersloot,Chicago Sky,Azura Stevens,21.76,12
Courtney Vandersloot,Chicago Sky,Aneesah Morrow,20.38,2
Courtney Vandersloot,Chicago Sky,Emily Engstler,20.08,2
Courtney Vandersloot,Chicago Sky,Luisa Geiselsoder,19.39,2
Courtney Vandersloot,Chicago Sky,Charlisse Leger-Walker,18.47,2
Courtney Vandersloot,Chicago Sky,Saniya Rivers,18.38,2
Courtney Vandersloot,Chicago Sky,Megan Gustafson,18.35,2
Courtney Vandersloot,Chicago Sky,Olivia Nelson-Ododa,18.28,2
Courtney Vandersloot,Chicago Sky,Elizabeth Williams,17.79,17
Courtney Vandersloot,Chicago Sky,Li Yueru,17.45,2
Courtney Vandersloot,Chicago Sky,Sydney Taylor,16.36,15
Courtney Vandersloot,Chicago Sky,Maya Caldwell,15.61,3
Courtney Vandersloot,Chicago Sky,Nyadiew Puoch,15.03,2
Courtney Vandersloot,Chicago Sky,Rachel Banham,14.91,16
Courtney Vandersloot,Chicago Sky,Frieda Buhner,14.40,2
Courtney Vandersloot,Chicago Sky,Aicha Coulibaly,14.39,9
Courtney Vandersloot,Chicago Sky,Nell Angloma,12.16,2
Courtney Vandersloot,Chicago Sky,Teonni Key,11.05,2
Courtney Vandersloot,Chicago Sky,Alanna Smith,10.67,2
Courtney Vandersloot,Chicago Sky,Maddy Westbeld,10.32,2
Courtney Vandersloot,Chicago Sky,Liatu King,9.96,2
Courtney Vandersloot,Chicago Sky,Awak Kuier,9.62,2
Courtney Vandersloot,Chicago Sky,Antonia Delaere,9.29,3
Courtney Vandersloot,Chicago Sky,Maddy Siegrist,9.23,2
Courtney Vandersloot,Chicago Sky,Emese Hof,8.24,2
Courtney Vandersloot,Chicago Sky,Kia Nurse,8.22,2
Courtney Vandersloot,Chicago Sky,Serah Williams,7.56,2
Courtney Vandersloot,Chicago Sky,Aziaha James,7.02,2
Courtney Vandersloot,Chicago Sky,Gianna Kneepkens,6.37,2
Courtney Vandersloot,Chicago Sky,Anastasiia Olairi Kosu,5.64,2
Courtney Vandersloot,Chicago Sky,Raegan Beers,5.53,2
Courtney Vandersloot,Chicago Sky,Saylor Poffenbarger,5.10,5
Gabriela Jaquez,Chicago Sky,Skylar Diggins,31.10,4
Gabriela Jaquez,Chicago Sky,Kamilla Cardoso,28.65,4
Gabriela Jaquez,Chicago Sky,Natasha Cloud,27.97,4
Gabriela Jaquez,Chicago Sky,Jacy Sheldon,24.10,4
Gabriela Jaquez,Chicago Sky,Elizabeth Williams,21.53,4
Gabriela Jaquez,Chicago Sky,Sydney Taylor,19.18,4
Gabriela Jaquez,Chicago Sky,Rachel Banham,18.94,4
Gabriela Jaquez,Chicago Sky,Azura Stevens,18.01,4
Gabriela Jaquez,Chicago Sky,Aicha Coulibaly,14.65,2
Gabriela Jaquez,Chicago Sky,Saylor Poffenbarger,4.25,3
Rachel Banham,Chicago Sky,Chelsea Gray,37.80,2
Rachel Banham,Chicago Sky,Jackie Young,37.65,2
Rachel Banham,Chicago Sky,Jewell Loyd,33.32,2
Rachel Banham,Chicago Sky,Skylar Diggins,31.59,3
Rachel Banham,Chicago Sky,Sydney Taylor,28.33,4
Rachel Banham,Chicago Sky,Natasha Cloud,28.11,4
Rachel Banham,Chicago Sky,Azura Stevens,27.98,3
Rachel Banham,Chicago Sky,Kamilla Cardoso,26.65,4
Rachel Banham,Chicago Sky,Stephanie Talbot,24.09,2
Rachel Banham,Chicago Sky,NaLyssa Smith,23.63,2
Rachel Banham,Chicago Sky,Courtney Vandersloot,19.07,3
Rachel Banham,Chicago Sky,Gabriela Jaquez,15.79,4
Rachel Banham,Chicago Sky,Jacy Sheldon,14.86,4
Rachel Banham,Chicago Sky,Elizabeth Williams,14.44,4
Rachel Banham,Chicago Sky,Chennedy Carter,13.50,2
Rachel Banham,Chicago Sky,Cheyenne Parker-Tyus,12.12,2
Rachel Banham,Chicago Sky,Kierstan Bell,11.58,2
Rachel Banham,Chicago Sky,Aicha Coulibaly,10.55,3
Skylar Diggins,Chicago Sky,Nneka Ogwumike,32.34,2
Skylar Diggins,Chicago Sky,Rae Burrell,32.23,2
Skylar Diggins,Chicago Sky,Ariel Atkins,31.34,2
Skylar Diggins,Chicago Sky,Natasha Cloud,31.00,9
Skylar Diggins,Chicago Sky,Azura Stevens,29.96,7
Skylar Diggins,Chicago Sky,Erica Wheeler,29.74,2
Skylar Diggins,Chicago Sky,Dearica Hamby,28.15,2
Skylar Diggins,Chicago Sky,Kamilla Cardoso,25.64,8
Skylar Diggins,Chicago Sky,Sydney Taylor,23.80,9
Skylar Diggins,Chicago Sky,Jacy Sheldon,20.02,9
Skylar Diggins,Chicago Sky,Courtney Vandersloot,19.71,8
Skylar Diggins,Chicago Sky,Gabriela Jaquez,18.77,9
Skylar Diggins,Chicago Sky,Elizabeth Williams,15.42,9
Skylar Diggins,Chicago Sky,Chloe Bibby,12.79,4
Skylar Diggins,Chicago Sky,Aicha Coulibaly,11.33,7
Skylar Diggins,Chicago Sky,Rachel Banham,10.03,8
Skylar Diggins,Chicago Sky,Chance Gray,8.85,2
Skylar Diggins,Chicago Sky,Jihyun Park,8.05,2
Skylar Diggins,Chicago Sky,Emma Cannon,7.52,2
Skylar Diggins,Chicago Sky,Kate Martin,3.23,2
Sydney Taylor,Chicago Sky,Skylar Diggins,34.25,2
Sydney Taylor,Chicago Sky,Kamilla Cardoso,29.71,2
Sydney Taylor,Chicago Sky,Gabriela Jaquez,27.24,2
Sydney Taylor,Chicago Sky,Natasha Cloud,26.49,2
Sydney Taylor,Chicago Sky,Jacy Sheldon,26.19,2
Sydney Taylor,Chicago Sky,Elizabeth Williams,15.69,2
Sydney Taylor,Chicago Sky,Rachel Banham,13.17,2
Aaliyah Edwards,Connecticut Sun,Natasha Cloud,28.39,2
Aaliyah Edwards,Connecticut Sun,Aneesah Morrow,27.87,9
Aaliyah Edwards,Connecticut Sun,Kamilla Cardoso,26.73,2
Aaliyah Edwards,Connecticut Sun,Leila Lacan,26.70,6
Aaliyah Edwards,Connecticut Sun,Brittney Griner,25.73,5
Aaliyah Edwards,Connecticut Sun,Kennedy Burke,25.19,8
Aaliyah Edwards,Connecticut Sun,Saniya Rivers,25.00,9
Aaliyah Edwards,Connecticut Sun,Diamond Miller,24.71,9
Aaliyah Edwards,Connecticut Sun,Sydney Taylor,21.88,2
Aaliyah Edwards,Connecticut Sun,Jacy Sheldon,20.74,2
Aaliyah Edwards,Connecticut Sun,Elizabeth Williams,19.78,2
Aaliyah Edwards,Connecticut Sun,Charlisse Leger-Walker,19.47,9
Aaliyah Edwards,Connecticut Sun,Olivia Nelson-Ododa,18.13,9
Aaliyah Edwards,Connecticut Sun,Hailey Van Lith,15.57,4
Aaliyah Edwards,Connecticut Sun,Raegan Beers,12.62,7
Aaliyah Edwards,Connecticut Sun,Gianna Kneepkens,9.60,7
Aaliyah Edwards,Connecticut Sun,Nell Angloma,9.08,6
Aneesah Morrow,Connecticut Sun,Kayla McBride,38.09,2
Aneesah Morrow,Connecticut Sun,Alyssa Thomas,34.96,2
Aneesah Morrow,Connecticut Sun,Kahleah Copper,34.76,2
Aneesah Morrow,Connecticut Sun,Courtney Williams,33.26,2
Aneesah Morrow,Connecticut Sun,Leila Lacan,30.60,9
Aneesah Morrow,Connecticut Sun,DeWanna Bonner,29.08,2
Aneesah Morrow,Connecticut Sun,Natasha Howard,28.97,2
Aneesah Morrow,Connecticut Sun,Brittney Griner,27.26,5
Aneesah Morrow,Connecticut Sun,Charlisse Leger-Walker,26.55,9
Aneesah Morrow,Connecticut Sun,Olivia Nelson-Ododa,26.47,9
Aneesah Morrow,Connecticut Sun,Monique Akoa Makani,25.83,2
Aneesah Morrow,Connecticut Sun,Diamond Miller,25.80,9
Aneesah Morrow,Connecticut Sun,Antonia Delaere,23.79,2
Aneesah Morrow,Connecticut Sun,Noemie Brochant,23.11,2
Aneesah Morrow,Connecticut Sun,Kennedy Burke,22.52,9
Aneesah Morrow,Connecticut Sun,Dorka Juhasz,22.03,2
Aneesah Morrow,Connecticut Sun,Saniya Rivers,20.65,5
Aneesah Morrow,Connecticut Sun,Aaliyah Edwards,20.45,9
Aneesah Morrow,Connecticut Sun,Nia Coffey,17.06,2
Aneesah Morrow,Connecticut Sun,Valeriane Ayayi,16.33,2
Aneesah Morrow,Connecticut Sun,Lexi Held,16.16,2
Aneesah Morrow,Connecticut Sun,Maya Caldwell,15.04,2
Aneesah Morrow,Connecticut Sun,Anastasiia Olairi Kosu,11.95,2
Aneesah Morrow,Connecticut Sun,Eliska Hamzova,9.82,2
Aneesah Morrow,Connecticut Sun,Nell Angloma,9.52,9
Aneesah Morrow,Connecticut Sun,Raegan Beers,8.52,8
Aneesah Morrow,Connecticut Sun,Hailey Van Lith,6.42,2
Aneesah Morrow,Connecticut Sun,Gianna Kneepkens,5.98,7
Ashlon Jackson,Connecticut Sun,Kayla McBride,38.09,2
Ashlon Jackson,Connecticut Sun,Sonia Citron,36.07,2
Ashlon Jackson,Connecticut Sun,Julie Allemand,35.12,2
Ashlon Jackson,Connecticut Sun,Alyssa Thomas,34.96,2
Ashlon Jackson,Connecticut Sun,Kahleah Copper,34.76,2
Ashlon Jackson,Connecticut Sun,Marina Mabrey,33.72,2
Ashlon Jackson,Connecticut Sun,Courtney Williams,33.26,2
Ashlon Jackson,Connecticut Sun,Laura Juskaite,32.98,2
Ashlon Jackson,Connecticut Sun,Bridget Carleton,32.58,2
Ashlon Jackson,Connecticut Sun,Kelsey Mitchell,31.56,2
Ashlon Jackson,Connecticut Sun,Caitlin Clark,31.54,2
Ashlon Jackson,Connecticut Sun,Michaela Onyenwere,31.44,2
Ashlon Jackson,Connecticut Sun,Breanna Stewart,31.41,2
Ashlon Jackson,Connecticut Sun,DeWanna Bonner,29.08,2
Ashlon Jackson,Connecticut Sun,Jackie Young,29.01,2
Ashlon Jackson,Connecticut Sun,Natasha Howard,28.97,2
Ashlon Jackson,Connecticut Sun,Chelsea Gray,28.66,2
Ashlon Jackson,Connecticut Sun,Leila Lacan,28.64,18
Ashlon Jackson,Connecticut Sun,Emily Engstler,28.56,2
Ashlon Jackson,Connecticut Sun,Jewell Loyd,27.26,2
Ashlon Jackson,Connecticut Sun,A'ja Wilson,26.43,2
Ashlon Jackson,Connecticut Sun,Sydney Taylor,26.42,2
Ashlon Jackson,Connecticut Sun,Aliyah Boston,26.27,2
Ashlon Jackson,Connecticut Sun,Natasha Cloud,26.04,2
Ashlon Jackson,Connecticut Sun,Marine Johannes,25.98,2
Ashlon Jackson,Connecticut Sun,Brittney Griner,25.91,14
Ashlon Jackson,Connecticut Sun,Monique Akoa Makani,25.83,2
Ashlon Jackson,Connecticut Sun,Monique Billings,23.83,2
Ashlon Jackson,Connecticut Sun,Lexie Hull,23.79,2
Ashlon Jackson,Connecticut Sun,Antonia Delaere,23.79,2
Ashlon Jackson,Connecticut Sun,Aneesah Morrow,23.70,15
Ashlon Jackson,Connecticut Sun,Chennedy Carter,23.68,2
Ashlon Jackson,Connecticut Sun,Kennedy Burke,23.62,23
Ashlon Jackson,Connecticut Sun,Betnijah Laney-Hamilton,23.37,2
Ashlon Jackson,Connecticut Sun,Lauren Betts,23.33,2
Ashlon Jackson,Connecticut Sun,Noemie Brochant,23.11,2
Ashlon Jackson,Connecticut Sun,Charlisse Leger-Walker,22.88,23
Ashlon Jackson,Connecticut Sun,Pauline Astier,22.84,2
Ashlon Jackson,Connecticut Sun,Saniya Rivers,22.82,20
Ashlon Jackson,Connecticut Sun,Diamond Miller,22.78,23
Ashlon Jackson,Connecticut Sun,Sarah Ashlee Barker,22.73,2
Ashlon Jackson,Connecticut Sun,Georgia Amoore,22.25,2
Ashlon Jackson,Connecticut Sun,Kamilla Cardoso,22.08,2
Ashlon Jackson,Connecticut Sun,Dorka Juhasz,22.03,2
Ashlon Jackson,Connecticut Sun,Han Xu,21.97,2
Ashlon Jackson,Connecticut Sun,Olivia Nelson-Ododa,21.91,21
Ashlon Jackson,Connecticut Sun,Isabelle Harrison,21.89,2
Ashlon Jackson,Connecticut Sun,Cotie McMahon,21.60,2
Ashlon Jackson,Connecticut Sun,Maria Conde,21.04,2
Ashlon Jackson,Connecticut Sun,Megan Gustafson,19.47,2
Ashlon Jackson,Connecticut Sun,Sophie Cunningham,19.33,2
Ashlon Jackson,Connecticut Sun,Aaliyah Edwards,19.04,15
Ashlon Jackson,Connecticut Sun,NaLyssa Smith,17.42,2
Ashlon Jackson,Connecticut Sun,Gabriela Jaquez,17.27,2
Ashlon Jackson,Connecticut Sun,Stephanie Talbot,17.09,2
Ashlon Jackson,Connecticut Sun,Nia Coffey,17.06,2
Ashlon Jackson,Connecticut Sun,Jacy Sheldon,17.03,2
Ashlon Jackson,Connecticut Sun,Elizabeth Williams,16.79,2
Ashlon Jackson,Connecticut Sun,Hailey Van Lith,16.50,7
Ashlon Jackson,Connecticut Sun,Valeriane Ayayi,16.33,2
Ashlon Jackson,Connecticut Sun,Lexi Held,16.16,2
Ashlon Jackson,Connecticut Sun,Cheyenne Parker-Tyus,15.63,2
Ashlon Jackson,Connecticut Sun,Angela Dugalic,15.46,2
Ashlon Jackson,Connecticut Sun,Maya Caldwell,15.04,2
Ashlon Jackson,Connecticut Sun,Rebekah Gardner,14.97,2
Ashlon Jackson,Connecticut Sun,Nyadiew Puoch,14.73,2
Ashlon Jackson,Connecticut Sun,Makayla Timpson,14.13,2
Ashlon Jackson,Connecticut Sun,Sug Sutton,13.08,2
Ashlon Jackson,Connecticut Sun,Myisha Hines-Allen,12.53,2
Ashlon Jackson,Connecticut Sun,Anastasiia Olairi Kosu,11.95,2
Ashlon Jackson,Connecticut Sun,Tyasha Harris,11.67,2
Ashlon Jackson,Connecticut Sun,Serah Williams,10.60,2
Ashlon Jackson,Connecticut Sun,Brianna Turner,10.47,2
Ashlon Jackson,Connecticut Sun,Raegan Beers,9.89,18
Ashlon Jackson,Connecticut Sun,Eliska Hamzova,9.82,2
Ashlon Jackson,Connecticut Sun,Nell Angloma,8.90,19
Ashlon Jackson,Connecticut Sun,Gianna Kneepkens,7.82,17
Ashlon Jackson,Connecticut Sun,Tima Pouye,6.63,2
Ashlon Jackson,Connecticut Sun,Cassandre Prosper,6.36,2
Ashlon Jackson,Connecticut Sun,Teonni Key,6.15,2
Ashlon Jackson,Connecticut Sun,Kia Nurse,3.89,2
Brittney Griner,Connecticut Sun,Jackie Young,29.01,2
Brittney Griner,Connecticut Sun,Chelsea Gray,28.66,2
Brittney Griner,Connecticut Sun,Natisha Hiedeman,28.65,2
Brittney Griner,Connecticut Sun,Leila Lacan,28.02,7
Brittney Griner,Connecticut Sun,Jewell Loyd,27.26,2
Brittney Griner,Connecticut Sun,Janelle Salaun,26.72,2
Brittney Griner,Connecticut Sun,A'ja Wilson,26.43,2
Brittney Griner,Connecticut Sun,Stefanie Dolson,26.29,2
Brittney Griner,Connecticut Sun,Kaila Charles,25.69,2
Brittney Griner,Connecticut Sun,Veronica Burton,25.10,2
Brittney Griner,Connecticut Sun,Jade Melbourne,24.99,2
Brittney Griner,Connecticut Sun,Olivia Nelson-Ododa,23.91,10
Brittney Griner,Connecticut Sun,Charlisse Leger-Walker,23.69,13
Brittney Griner,Connecticut Sun,Chennedy Carter,23.68,2
Brittney Griner,Connecticut Sun,Flau'jae Johnson,23.42,2
Brittney Griner,Connecticut Sun,Kennedy Burke,23.31,13
Brittney Griner,Connecticut Sun,Saniya Rivers,23.17,12
Brittney Griner,Connecticut Sun,Aneesah Morrow,22.76,9
Brittney Griner,Connecticut Sun,Diamond Miller,22.35,13
Brittney Griner,Connecticut Sun,Mackenzie Holmes,22.23,2
Brittney Griner,Connecticut Sun,Aaliyah Edwards,21.81,9
Brittney Griner,Connecticut Sun,Zia Cooke,21.81,2
Brittney Griner,Connecticut Sun,Kaitlyn Chen,21.73,2
Brittney Griner,Connecticut Sun,Jordan Horston,19.56,2
Brittney Griner,Connecticut Sun,Laeticia Amihere,18.14,2
Brittney Griner,Connecticut Sun,NaLyssa Smith,17.42,2
Brittney Griner,Connecticut Sun,Lexie Brown,17.26,2
Brittney Griner,Connecticut Sun,Stephanie Talbot,17.09,2
Brittney Griner,Connecticut Sun,Kiah Stokes,16.88,2
Brittney Griner,Connecticut Sun,Tiffany Hayes,16.81,2
Brittney Griner,Connecticut Sun,Cheyenne Parker-Tyus,15.63,2
Brittney Griner,Connecticut Sun,Hailey Van Lith,15.49,7
Brittney Griner,Connecticut Sun,Cecilia Zandalasini,15.49,2
Brittney Griner,Connecticut Sun,Kayla Thornton,14.70,2
Brittney Griner,Connecticut Sun,Raegan Beers,14.26,13
Brittney Griner,Connecticut Sun,Ashlon Jackson,14.13,4
Brittney Griner,Connecticut Sun,Nell Angloma,12.20,12
Brittney Griner,Connecticut Sun,Brianna Turner,10.47,2
Brittney Griner,Connecticut Sun,Gianna Kneepkens,10.21,11
Brittney Griner,Connecticut Sun,Taylor Thierry,6.83,2
Brittney Griner,Connecticut Sun,Juste Jocyte,3.56,2
Hailey Van Lith,Connecticut Sun,Kayla McBride,38.09,2
Hailey Van Lith,Connecticut Sun,Julie Allemand,35.12,2
Hailey Van Lith,Connecticut Sun,Sonia Citron,34.22,3
Hailey Van Lith,Connecticut Sun,Marina Mabrey,33.72,2
Hailey Van Lith,Connecticut Sun,Courtney Williams,33.26,2
Hailey Van Lith,Connecticut Sun,Laura Juskaite,32.98,2
Hailey Van Lith,Connecticut Sun,Kelsey Mitchell,31.56,2
Hailey Van Lith,Connecticut Sun,Caitlin Clark,31.54,2
Hailey Van Lith,Connecticut Sun,Michaela Onyenwere,30.34,3
Hailey Van Lith,Connecticut Sun,Kiki Iriafen,30.32,2
Hailey Van Lith,Connecticut Sun,Natasha Howard,28.97,2
Hailey Van Lith,Connecticut Sun,Leila Lacan,27.96,17
Hailey Van Lith,Connecticut Sun,Shakira Austin,27.58,2
Hailey Van Lith,Connecticut Sun,Sydney Taylor,26.42,2
Hailey Van Lith,Connecticut Sun,Aliyah Boston,26.27,2
Hailey Van Lith,Connecticut Sun,Natasha Cloud,26.04,2
Hailey Van Lith,Connecticut Sun,Georgia Amoore,25.81,3
Hailey Van Lith,Connecticut Sun,Brittney Griner,24.65,11
Hailey Van Lith,Connecticut Sun,Monique Billings,23.83,2
Hailey Van Lith,Connecticut Sun,Charlisse Leger-Walker,23.82,17
Hailey Van Lith,Connecticut Sun,Antonia Delaere,23.79,2
Hailey Van Lith,Connecticut Sun,Lexie Hull,23.79,2
Hailey Van Lith,Connecticut Sun,Kennedy Burke,23.40,17
Hailey Van Lith,Connecticut Sun,Olivia Nelson-Ododa,22.94,17
Hailey Van Lith,Connecticut Sun,Diamond Miller,22.79,17
Hailey Van Lith,Connecticut Sun,Cotie McMahon,22.42,3
Hailey Van Lith,Connecticut Sun,Kamilla Cardoso,22.08,2
Hailey Van Lith,Connecticut Sun,Dorka Juhasz,22.03,2
Hailey Van Lith,Connecticut Sun,Isabelle Harrison,21.89,2
Hailey Van Lith,Connecticut Sun,Saniya Rivers,21.62,15
Hailey Van Lith,Connecticut Sun,Aneesah Morrow,21.48,10
Hailey Van Lith,Connecticut Sun,Lauren Betts,21.33,3
Hailey Van Lith,Connecticut Sun,Maria Conde,21.04,2
Hailey Van Lith,Connecticut Sun,Aaliyah Edwards,19.79,12
Hailey Van Lith,Connecticut Sun,Sophie Cunningham,19.33,2
Hailey Van Lith,Connecticut Sun,Gabriela Jaquez,17.27,2
Hailey Van Lith,Connecticut Sun,Nia Coffey,17.06,2
Hailey Van Lith,Connecticut Sun,Jacy Sheldon,17.03,2
Hailey Van Lith,Connecticut Sun,Elizabeth Williams,16.79,2
Hailey Van Lith,Connecticut Sun,Maya Caldwell,15.04,2
Hailey Van Lith,Connecticut Sun,Makayla Timpson,14.13,2
Hailey Van Lith,Connecticut Sun,Angela Dugalic,13.11,3
Hailey Van Lith,Connecticut Sun,Myisha Hines-Allen,12.53,2
Hailey Van Lith,Connecticut Sun,Lucy Olsen,12.25,2
Hailey Van Lith,Connecticut Sun,Anastasiia Olairi Kosu,11.95,2
Hailey Van Lith,Connecticut Sun,Tyasha Harris,11.67,2
Hailey Van Lith,Connecticut Sun,Eliska Hamzova,9.82,2
Hailey Van Lith,Connecticut Sun,Raegan Beers,9.64,13
Hailey Van Lith,Connecticut Sun,Nell Angloma,8.04,16
Hailey Van Lith,Connecticut Sun,Tima Pouye,6.63,2
Hailey Van Lith,Connecticut Sun,Cassandre Prosper,6.36,2
Hailey Van Lith,Connecticut Sun,Gianna Kneepkens,6.28,10
Hailey Van Lith,Connecticut Sun,Teonni Key,6.15,2
Hailey Van Lith,Connecticut Sun,Kia Nurse,3.89,2
Leila Lacan,Connecticut Sun,Bridget Carleton,31.13,2
Leila Lacan,Connecticut Sun,Jackie Young,29.01,2
Leila Lacan,Connecticut Sun,Chelsea Gray,28.66,2
Leila Lacan,Connecticut Sun,Natisha Hiedeman,27.60,3
Leila Lacan,Connecticut Sun,Brittney Griner,27.33,3
Leila Lacan,Connecticut Sun,Jewell Loyd,27.26,2
Leila Lacan,Connecticut Sun,A'ja Wilson,26.43,2
Leila Lacan,Connecticut Sun,Flau'jae Johnson,25.52,3
Leila Lacan,Connecticut Sun,Stefanie Dolson,24.49,3
Leila Lacan,Connecticut Sun,Jade Melbourne,24.38,3
Leila Lacan,Connecticut Sun,Kennedy Burke,24.37,9
Leila Lacan,Connecticut Sun,Aneesah Morrow,24.09,9
Leila Lacan,Connecticut Sun,Emily Engstler,23.70,2
Leila Lacan,Connecticut Sun,Chennedy Carter,23.68,2
Leila Lacan,Connecticut Sun,Saniya Rivers,23.40,9
Leila Lacan,Connecticut Sun,Charlisse Leger-Walker,22.56,9
Leila Lacan,Connecticut Sun,Mackenzie Holmes,22.37,3
Leila Lacan,Connecticut Sun,Luisa Geiselsoder,21.59,2
Leila Lacan,Connecticut Sun,Sarah Ashlee Barker,21.35,2
Leila Lacan,Connecticut Sun,Diamond Miller,19.87,9
Leila Lacan,Connecticut Sun,Nyadiew Puoch,19.51,2
Leila Lacan,Connecticut Sun,Zia Cooke,18.59,3
Leila Lacan,Connecticut Sun,Lexie Brown,18.53,3
Leila Lacan,Connecticut Sun,Aaliyah Edwards,18.49,6
Leila Lacan,Connecticut Sun,Jordan Horston,18.13,3
Leila Lacan,Connecticut Sun,Hailey Van Lith,17.53,9
Leila Lacan,Connecticut Sun,NaLyssa Smith,17.42,2
Leila Lacan,Connecticut Sun,Stephanie Talbot,17.09,2
Leila Lacan,Connecticut Sun,Olivia Nelson-Ododa,16.57,5
Leila Lacan,Connecticut Sun,Cheyenne Parker-Tyus,15.63,2
Leila Lacan,Connecticut Sun,Ashlon Jackson,14.13,4
Leila Lacan,Connecticut Sun,Raegan Beers,13.70,8
Leila Lacan,Connecticut Sun,Megan Gustafson,12.99,2
Leila Lacan,Connecticut Sun,Nell Angloma,12.96,6
Leila Lacan,Connecticut Sun,Serah Williams,11.58,2
Leila Lacan,Connecticut Sun,Brianna Turner,10.47,2
Leila Lacan,Connecticut Sun,Gianna Kneepkens,10.45,9
Leila Lacan,Connecticut Sun,Taylor Thierry,6.83,2
Nell Angloma,Connecticut Sun,Kennedy Burke,28.70,4
Nell Angloma,Connecticut Sun,Brittney Griner,28.42,3
Nell Angloma,Connecticut Sun,Diamond Miller,24.54,4
Nell Angloma,Connecticut Sun,Saniya Rivers,22.10,4
Nell Angloma,Connecticut Sun,Charlisse Leger-Walker,21.76,4
Nell Angloma,Connecticut Sun,Aneesah Morrow,20.97,4
Nell Angloma,Connecticut Sun,Hailey Van Lith,18.79,3
Nell Angloma,Connecticut Sun,Olivia Nelson-Ododa,18.34,4
Nell Angloma,Connecticut Sun,Raegan Beers,12.66,2
Nell Angloma,Connecticut Sun,Gianna Kneepkens,12.24,3
Olivia Nelson-Ododa,Connecticut Sun,Natisha Hiedeman,28.65,2
Olivia Nelson-Ododa,Connecticut Sun,Stefanie Dolson,26.29,2
Olivia Nelson-Ododa,Connecticut Sun,Jade Melbourne,24.99,2
Olivia Nelson-Ododa,Connecticut Sun,Charlisse Leger-Walker,24.90,4
Olivia Nelson-Ododa,Connecticut Sun,Flau'jae Johnson,23.42,2
Olivia Nelson-Ododa,Connecticut Sun,Kennedy Burke,23.13,4
Olivia Nelson-Ododa,Connecticut Sun,Saniya Rivers,22.71,4
Olivia Nelson-Ododa,Connecticut Sun,Mackenzie Holmes,22.23,2
Olivia Nelson-Ododa,Connecticut Sun,Zia Cooke,21.81,2
Olivia Nelson-Ododa,Connecticut Sun,Aneesah Morrow,21.34,4
Olivia Nelson-Ododa,Connecticut Sun,Aaliyah Edwards,21.27,4
Olivia Nelson-Ododa,Connecticut Sun,Jordan Horston,19.56,2
Olivia Nelson-Ododa,Connecticut Sun,Lexie Brown,17.26,2
Olivia Nelson-Ododa,Connecticut Sun,Hailey Van Lith,17.08,4
Olivia Nelson-Ododa,Connecticut Sun,Diamond Miller,16.52,4
Olivia Nelson-Ododa,Connecticut Sun,Raegan Beers,15.94,4
Olivia Nelson-Ododa,Connecticut Sun,Nell Angloma,14.95,4
Olivia Nelson-Ododa,Connecticut Sun,Ashlon Jackson,12.37,2
Olivia Nelson-Ododa,Connecticut Sun,Gianna Kneepkens,9.25,4
Olivia Nelson-Ododa,Connecticut Sun,Taylor Thierry,6.83,2
Raegan Beers,Connecticut Sun,Leila Lacan,31.35,4
Raegan Beers,Connecticut Sun,Brittney Griner,29.02,5
Raegan Beers,Connecticut Sun,Kennedy Burke,25.29,5
Raegan Beers,Connecticut Sun,Diamond Miller,22.86,5
Raegan Beers,Connecticut Sun,Charlisse Leger-Walker,22.45,5
Raegan Beers,Connecticut Sun,Aneesah Morrow,21.29,4
Raegan Beers,Connecticut Sun,Saniya Rivers,19.57,5
Raegan Beers,Connecticut Sun,Olivia Nelson-Ododa,18.41,5
Raegan Beers,Connecticut Sun,Aaliyah Edwards,17.02,3
Raegan Beers,Connecticut Sun,Gianna Kneepkens,5.74,3
Raegan Beers,Connecticut Sun,Nell Angloma,4.32,3
Saniya Rivers,Connecticut Sun,Leila Lacan,31.80,4
Saniya Rivers,Connecticut Sun,Charlisse Leger-Walker,29.49,4
Saniya Rivers,Connecticut Sun,Diamond Miller,28.74,4
Saniya Rivers,Connecticut Sun,Olivia Nelson-Ododa,26.45,4
Saniya Rivers,Connecticut Sun,Brittney Griner,25.42,3
Saniya Rivers,Connecticut Sun,Kennedy Burke,20.53,4
Saniya Rivers,Connecticut Sun,Aaliyah Edwards,18.25,4
Saniya Rivers,Connecticut Sun,Nell Angloma,10.90,4
Saniya Rivers,Connecticut Sun,Raegan Beers,7.32,4
Saniya Rivers,Connecticut Sun,Hailey Van Lith,6.42,2
Saniya Rivers,Connecticut Sun,Gianna Kneepkens,5.82,2
Alanna Smith,Dallas Wings,Azzi Fudd,36.87,8
Alanna Smith,Dallas Wings,Jessica Shepard,36.85,8
Alanna Smith,Dallas Wings,Paige Bueckers,36.47,7
Alanna Smith,Dallas Wings,Chelsea Gray,33.51,2
Alanna Smith,Dallas Wings,A'ja Wilson,33.29,2
Alanna Smith,Dallas Wings,Jackie Young,32.38,2
Alanna Smith,Dallas Wings,Arike Ogunbowale,29.17,8
Alanna Smith,Dallas Wings,NaLyssa Smith,28.46,2
Alanna Smith,Dallas Wings,Jewell Loyd,27.03,2
Alanna Smith,Dallas Wings,Awak Kuier,18.07,8
Alanna Smith,Dallas Wings,Maddy Siegrist,16.39,7
Alanna Smith,Dallas Wings,Li Yueru,12.81,7
Alanna Smith,Dallas Wings,Cheyenne Parker-Tyus,12.58,2
Alanna Smith,Dallas Wings,Stephanie Talbot,11.73,2
Alanna Smith,Dallas Wings,Kierstan Bell,10.61,2
Alanna Smith,Dallas Wings,Odyssey Sims,10.28,5
Alanna Smith,Dallas Wings,Aziaha James,10.10,8
Alanna Smith,Dallas Wings,Alysha Clark,9.17,4
Alanna Smith,Dallas Wings,Sug Sutton,8.97,6
Awak Kuier,Dallas Wings,Jessica Shepard,30.06,3
Awak Kuier,Dallas Wings,Paige Bueckers,29.98,3
Awak Kuier,Dallas Wings,Azzi Fudd,29.43,3
Awak Kuier,Dallas Wings,Arike Ogunbowale,27.12,3
Awak Kuier,Dallas Wings,Maddy Siegrist,22.89,3
Awak Kuier,Dallas Wings,Alanna Smith,15.54,3
Awak Kuier,Dallas Wings,Aziaha James,14.75,3
Awak Kuier,Dallas Wings,Odyssey Sims,12.83,2
Awak Kuier,Dallas Wings,Alysha Clark,11.32,3
Awak Kuier,Dallas Wings,Li Yueru,7.73,2
Li Yueru,Dallas Wings,Jessica Shepard,35.23,8
Li Yueru,Dallas Wings,Paige Bueckers,34.87,7
Li Yueru,Dallas Wings,Azzi Fudd,33.16,7
Li Yueru,Dallas Wings,Arike Ogunbowale,30.26,8
Li Yueru,Dallas Wings,Awak Kuier,18.35,7
Li Yueru,Dallas Wings,Alanna Smith,17.13,7
Li Yueru,Dallas Wings,Odyssey Sims,13.76,6
Li Yueru,Dallas Wings,Maddy Siegrist,12.75,7
Li Yueru,Dallas Wings,Aziaha James,11.98,8
Li Yueru,Dallas Wings,Alysha Clark,11.86,6
Maddy Siegrist,Dallas Wings,Jessica Shepard,38.41,2
Maddy Siegrist,Dallas Wings,Azzi Fudd,35.71,2
Maddy Siegrist,Dallas Wings,Paige Bueckers,35.23,2
Maddy Siegrist,Dallas Wings,Arike Ogunbowale,34.89,2
Maddy Siegrist,Dallas Wings,Awak Kuier,21.98,2
Maddy Siegrist,Dallas Wings,Odyssey Sims,7.22,2
Maddy Siegrist,Dallas Wings,Aziaha James,6.02,2
Odyssey Sims,Dallas Wings,Kayla McBride,34.26,2
Odyssey Sims,Dallas Wings,Azzi Fudd,34.14,9
Odyssey Sims,Dallas Wings,Paige Bueckers,33.58,8
Odyssey Sims,Dallas Wings,Jessica Shepard,33.35,9
Odyssey Sims,Dallas Wings,Courtney Williams,33.33,2
Odyssey Sims,Dallas Wings,Olivia Miles,32.63,2
Odyssey Sims,Dallas Wings,Natasha Howard,32.21,2
Odyssey Sims,Dallas Wings,Chelsea Gray,31.18,2
Odyssey Sims,Dallas Wings,Nia Coffey,29.58,2
Odyssey Sims,Dallas Wings,Jewell Loyd,28.74,2
Odyssey Sims,Dallas Wings,A'ja Wilson,28.69,2
Odyssey Sims,Dallas Wings,Arike Ogunbowale,28.53,9
Odyssey Sims,Dallas Wings,Jackie Young,27.80,2
Odyssey Sims,Dallas Wings,NaLyssa Smith,26.47,2
Odyssey Sims,Dallas Wings,Awak Kuier,20.31,8
Odyssey Sims,Dallas Wings,Stephanie Talbot,18.07,2
Odyssey Sims,Dallas Wings,Cheyenne Parker-Tyus,17.38,2
Odyssey Sims,Dallas Wings,Aziaha James,15.56,9
Odyssey Sims,Dallas Wings,Kierstan Bell,15.38,2
Odyssey Sims,Dallas Wings,Maddy Siegrist,14.09,9
Odyssey Sims,Dallas Wings,Maya Caldwell,12.21,2
Odyssey Sims,Dallas Wings,Sug Sutton,12.13,6
Odyssey Sims,Dallas Wings,Anastasiia Olairi Kosu,12.01,2
Odyssey Sims,Dallas Wings,Alanna Smith,11.08,6
Odyssey Sims,Dallas Wings,Alysha Clark,9.36,5
Odyssey Sims,Dallas Wings,Li Yueru,8.39,7
Odyssey Sims,Dallas Wings,Antonia Delaere,7.58,2
Odyssey Sims,Dallas Wings,Brianna Turner,6.31,2
Odyssey Sims,Dallas Wings,JJ Quinerly,6.22,2
Paige Bueckers,Dallas Wings,Azzi Fudd,37.22,2
Paige Bueckers,Dallas Wings,Jessica Shepard,36.64,2
Paige Bueckers,Dallas Wings,Arike Ogunbowale,36.43,2
Paige Bueckers,Dallas Wings,Awak Kuier,24.28,2
Paige Bueckers,Dallas Wings,Aziaha James,20.89,2
Paige Bueckers,Dallas Wings,Maddy Siegrist,12.20,2
Paige Bueckers,Dallas Wings,Alysha Clark,9.90,2
Cecilia Zandalasini,Golden State Valkyries,Veronica Burton,31.19,4
Cecilia Zandalasini,Golden State Valkyries,Kayla Thornton,28.96,4
Cecilia Zandalasini,Golden State Valkyries,Kaila Charles,26.89,4
Cecilia Zandalasini,Golden State Valkyries,Gabby Williams,26.68,4
Cecilia Zandalasini,Golden State Valkyries,Kiah Stokes,22.71,4
Cecilia Zandalasini,Golden State Valkyries,Janelle Salaun,22.49,4
Cecilia Zandalasini,Golden State Valkyries,Tiffany Hayes,20.20,2
Cecilia Zandalasini,Golden State Valkyries,Kaitlyn Chen,15.10,4
Cecilia Zandalasini,Golden State Valkyries,Laeticia Amihere,14.72,4
Gabby Williams,Golden State Valkyries,Veronica Burton,33.37,2
Gabby Williams,Golden State Valkyries,Kaila Charles,29.23,2
Gabby Williams,Golden State Valkyries,Janelle Salaun,25.40,2
Gabby Williams,Golden State Valkyries,Tiffany Hayes,20.12,2
Gabby Williams,Golden State Valkyries,Cecilia Zandalasini,20.04,2
Gabby Williams,Golden State Valkyries,Kiah Stokes,19.24,2
Gabby Williams,Golden State Valkyries,Kayla Thornton,18.87,2
Gabby Williams,Golden State Valkyries,Kaitlyn Chen,16.39,2
Gabby Williams,Golden State Valkyries,Laeticia Amihere,15.04,2
Laeticia Amihere,Golden State Valkyries,Veronica Burton,31.83,4
Laeticia Amihere,Golden State Valkyries,Kayla Thornton,28.72,4
Laeticia Amihere,Golden State Valkyries,Gabby Williams,28.59,4
Laeticia Amihere,Golden State Valkyries,Janelle Salaun,26.43,4
Laeticia Amihere,Golden State Valkyries,Kiah Stokes,20.19,4
Laeticia Amihere,Golden State Valkyries,Tiffany Hayes,19.45,4
Laeticia Amihere,Golden State Valkyries,Cecilia Zandalasini,18.23,4
Laeticia Amihere,Golden State Valkyries,Kaila Charles,16.72,4
Laeticia Amihere,Golden State Valkyries,Kaitlyn Chen,8.17,4
Tiffany Hayes,Golden State Valkyries,Veronica Burton,34.35,2
Tiffany Hayes,Golden State Valkyries,Gabby Williams,31.90,2
Tiffany Hayes,Golden State Valkyries,Kaila Charles,30.22,2
Tiffany Hayes,Golden State Valkyries,Kayla Thornton,30.13,2
Tiffany Hayes,Golden State Valkyries,Janelle Salaun,21.34,2
Tiffany Hayes,Golden State Valkyries,Kiah Stokes,21.05,2
Tiffany Hayes,Golden State Valkyries,Laeticia Amihere,17.54,2
Tiffany Hayes,Golden State Valkyries,Kaitlyn Chen,13.48,2
Aliyah Boston,Indiana Fever,Kelsey Mitchell,31.74,3
Aliyah Boston,Indiana Fever,Natisha Hiedeman,30.12,2
Aliyah Boston,Indiana Fever,Flau'jae Johnson,29.72,2
Aliyah Boston,Indiana Fever,Jade Melbourne,29.43,2
Aliyah Boston,Indiana Fever,Makayla Timpson,24.37,3
Aliyah Boston,Indiana Fever,Caitlin Clark,22.94,3
Aliyah Boston,Indiana Fever,Monique Billings,22.83,3
Aliyah Boston,Indiana Fever,Sophie Cunningham,20.97,3
Aliyah Boston,Indiana Fever,Lexie Hull,17.73,3
Aliyah Boston,Indiana Fever,Tyasha Harris,17.57,3
Aliyah Boston,Indiana Fever,Jordan Horston,17.14,2
Aliyah Boston,Indiana Fever,Stefanie Dolson,16.78,2
Aliyah Boston,Indiana Fever,Myisha Hines-Allen,16.38,3
Aliyah Boston,Indiana Fever,Zia Cooke,14.97,2
Aliyah Boston,Indiana Fever,Damiris Dantas,11.84,3
Aliyah Boston,Indiana Fever,Raven Johnson,10.75,3
Caitlin Clark,Indiana Fever,Kelsey Mitchell,30.44,4
Caitlin Clark,Indiana Fever,Aliyah Boston,27.64,4
Caitlin Clark,Indiana Fever,Tyasha Harris,27.03,4
Caitlin Clark,Indiana Fever,Raven Johnson,21.88,4
Caitlin Clark,Indiana Fever,Sophie Cunningham,21.13,4
Caitlin Clark,Indiana Fever,Lexie Hull,20.83,4
Caitlin Clark,Indiana Fever,Monique Billings,19.64,4
Caitlin Clark,Indiana Fever,Makayla Timpson,13.18,4
Caitlin Clark,Indiana Fever,Myisha Hines-Allen,12.03,4
Caitlin Clark,Indiana Fever,Grace VanSlooten,3.66,2
Myisha Hines-Allen,Indiana Fever,Kelsey Mitchell,32.89,2
Myisha Hines-Allen,Indiana Fever,Aliyah Boston,27.18,2
Myisha Hines-Allen,Indiana Fever,Sophie Cunningham,25.15,2
Myisha Hines-Allen,Indiana Fever,Monique Billings,25.11,2
Myisha Hines-Allen,Indiana Fever,Caitlin Clark,24.98,2
Myisha Hines-Allen,Indiana Fever,Lexie Hull,21.03,2
Myisha Hines-Allen,Indiana Fever,Tyasha Harris,20.52,2
Myisha Hines-Allen,Indiana Fever,Makayla Timpson,18.96,2
Myisha Hines-Allen,Indiana Fever,Raven Johnson,1.73,2
Myisha Hines-Allen,Indiana Fever,Grace VanSlooten,1.60,2
Raven Johnson,Indiana Fever,Kelsey Mitchell,30.54,2
Raven Johnson,Indiana Fever,Caitlin Clark,30.15,2
Raven Johnson,Indiana Fever,Monique Billings,25.17,2
Raven Johnson,Indiana Fever,Makayla Timpson,22.88,2
Raven Johnson,Indiana Fever,Sophie Cunningham,22.44,2
Raven Johnson,Indiana Fever,Lexie Hull,21.08,2
Raven Johnson,Indiana Fever,Aliyah Boston,15.51,2
Raven Johnson,Indiana Fever,Tyasha Harris,15.46,2
Raven Johnson,Indiana Fever,Myisha Hines-Allen,12.93,2
Tyasha Harris,Indiana Fever,Kelsey Mitchell,31.77,5
Tyasha Harris,Indiana Fever,Caitlin Clark,30.89,5
Tyasha Harris,Indiana Fever,Aliyah Boston,27.44,5
Tyasha Harris,Indiana Fever,Monique Billings,23.09,5
Tyasha Harris,Indiana Fever,Sophie Cunningham,22.30,5
Tyasha Harris,Indiana Fever,Lexie Hull,19.99,5
Tyasha Harris,Indiana Fever,Raven Johnson,18.71,5
Tyasha Harris,Indiana Fever,Myisha Hines-Allen,13.14,5
Tyasha Harris,Indiana Fever,Makayla Timpson,11.80,5
Tyasha Harris,Indiana Fever,Grace VanSlooten,1.03,2
A'ja Wilson,Las Vegas Aces,Chelsea Gray,36.07,2
A'ja Wilson,Las Vegas Aces,Jackie Young,35.82,2
A'ja Wilson,Las Vegas Aces,Jewell Loyd,35.33,2
A'ja Wilson,Las Vegas Aces,NaLyssa Smith,28.93,2
A'ja Wilson,Las Vegas Aces,Stephanie Talbot,22.46,2
A'ja Wilson,Las Vegas Aces,Cheyenne Parker-Tyus,16.80,2
A'ja Wilson,Las Vegas Aces,Chennedy Carter,13.13,2
A'ja Wilson,Las Vegas Aces,Kierstan Bell,9.73,2
Brianna Turner,Las Vegas Aces,Chelsea Gray,36.71,3
Brianna Turner,Las Vegas Aces,Jackie Young,36.61,3
Brianna Turner,Las Vegas Aces,A'ja Wilson,35.23,2
Brianna Turner,Las Vegas Aces,Jewell Loyd,32.00,3
Brianna Turner,Las Vegas Aces,NaLyssa Smith,27.91,3
Brianna Turner,Las Vegas Aces,Stephanie Talbot,16.10,3
Brianna Turner,Las Vegas Aces,Chennedy Carter,15.26,2
Brianna Turner,Las Vegas Aces,Cheyenne Parker-Tyus,15.11,3
Brianna Turner,Las Vegas Aces,Kierstan Bell,10.24,3
Chennedy Carter,Las Vegas Aces,Breanna Stewart,36.52,2
Chennedy Carter,Las Vegas Aces,Chelsea Gray,32.99,15
Chennedy Carter,Las Vegas Aces,Jessica Shepard,32.87,2
Chennedy Carter,Las Vegas Aces,Jackie Young,32.37,15
Chennedy Carter,Las Vegas Aces,A'ja Wilson,31.96,15
Chennedy Carter,Las Vegas Aces,Alyssa Thomas,31.93,2
Chennedy Carter,Las Vegas Aces,Paige Bueckers,30.44,2
Chennedy Carter,Las Vegas Aces,Azzi Fudd,30.15,2
Chennedy Carter,Las Vegas Aces,Kahleah Copper,29.58,2
Chennedy Carter,Las Vegas Aces,Sabrina Ionescu,29.48,2
Chennedy Carter,Las Vegas Aces,Arike Ogunbowale,29.34,2
Chennedy Carter,Las Vegas Aces,Jonquel Jones,27.86,2
Chennedy Carter,Las Vegas Aces,Bridget Carleton,27.63,2
Chennedy Carter,Las Vegas Aces,Jewell Loyd,27.06,14
Chennedy Carter,Las Vegas Aces,Kayla Thornton,26.96,2
Chennedy Carter,Las Vegas Aces,Veronica Burton,25.12,2
Chennedy Carter,Las Vegas Aces,Gabby Williams,24.51,2
Chennedy Carter,Las Vegas Aces,NaLyssa Smith,24.13,14
Chennedy Carter,Las Vegas Aces,Emily Engstler,24.08,2
Chennedy Carter,Las Vegas Aces,Awak Kuier,23.74,2
Chennedy Carter,Las Vegas Aces,Monique Akoa Makani,23.01,2
Chennedy Carter,Las Vegas Aces,Janelle Salaun,22.99,2
Chennedy Carter,Las Vegas Aces,Carla Leite,21.08,2
Chennedy Carter,Las Vegas Aces,Valeriane Ayayi,20.98,2
Chennedy Carter,Las Vegas Aces,DeWanna Bonner,20.88,2
Chennedy Carter,Las Vegas Aces,Pauline Astier,20.66,2
Chennedy Carter,Las Vegas Aces,Kaila Charles,19.41,2
Chennedy Carter,Las Vegas Aces,Noemie Brochant,19.23,2
Chennedy Carter,Las Vegas Aces,Kiah Stokes,19.10,2
Chennedy Carter,Las Vegas Aces,Lexi Held,18.78,2
Chennedy Carter,Las Vegas Aces,Cecilia Zandalasini,18.47,2
Chennedy Carter,Las Vegas Aces,Frieda Buhner,18.40,2
Chennedy Carter,Las Vegas Aces,Tiffany Hayes,17.23,2
Chennedy Carter,Las Vegas Aces,Dana Evans,17.00,5
Chennedy Carter,Las Vegas Aces,Stephanie Talbot,16.97,15
Chennedy Carter,Las Vegas Aces,Nyadiew Puoch,16.73,2
Chennedy Carter,Las Vegas Aces,Teja Oblak,16.03,2
Chennedy Carter,Las Vegas Aces,Karlie Samuelson,14.95,2
Chennedy Carter,Las Vegas Aces,Kaitlyn Chen,14.88,2
Chennedy Carter,Las Vegas Aces,Sug Sutton,14.08,2
Chennedy Carter,Las Vegas Aces,Han Xu,13.77,2
Chennedy Carter,Las Vegas Aces,Brianna Turner,13.31,14
Chennedy Carter,Las Vegas Aces,Marine Johannes,13.28,2
Chennedy Carter,Las Vegas Aces,Aziaha James,12.38,2
Chennedy Carter,Las Vegas Aces,Kierstan Bell,12.36,10
Chennedy Carter,Las Vegas Aces,Justine Pissott,11.36,4
Chennedy Carter,Las Vegas Aces,Maddy Siegrist,10.73,2
Chennedy Carter,Las Vegas Aces,Cheyenne Parker-Tyus,10.17,12
Chennedy Carter,Las Vegas Aces,Serah Williams,9.44,2
Chennedy Carter,Las Vegas Aces,Holly Winterburn,8.11,2
Chennedy Carter,Las Vegas Aces,Alysha Clark,6.09,2
Chennedy Carter,Las Vegas Aces,Li Yueru,5.66,2
Chennedy Carter,Las Vegas Aces,Ta'Niya Latson,4.98,2
Chennedy Carter,Las Vegas Aces,Luisa Geiselsoder,4.81,2
Cheyenne Parker-Tyus,Las Vegas Aces,Chelsea Gray,35.23,5
Cheyenne Parker-Tyus,Las Vegas Aces,A'ja Wilson,34.47,5
Cheyenne Parker-Tyus,Las Vegas Aces,Jackie Young,31.25,5
Cheyenne Parker-Tyus,Las Vegas Aces,Kayla Thornton,30.77,2
Cheyenne Parker-Tyus,Las Vegas Aces,Veronica Burton,30.76,2
Cheyenne Parker-Tyus,Las Vegas Aces,Jewell Loyd,27.33,4
Cheyenne Parker-Tyus,Las Vegas Aces,Gabby Williams,26.98,2
Cheyenne Parker-Tyus,Las Vegas Aces,NaLyssa Smith,25.44,4
Cheyenne Parker-Tyus,Las Vegas Aces,Janelle Salaun,24.50,2
Cheyenne Parker-Tyus,Las Vegas Aces,Kiah Stokes,20.58,2
Cheyenne Parker-Tyus,Las Vegas Aces,Stephanie Talbot,18.81,5
Cheyenne Parker-Tyus,Las Vegas Aces,Cecilia Zandalasini,18.53,2
Cheyenne Parker-Tyus,Las Vegas Aces,Chennedy Carter,17.83,2
Cheyenne Parker-Tyus,Las Vegas Aces,Dana Evans,17.48,2
Cheyenne Parker-Tyus,Las Vegas Aces,Brianna Turner,15.91,5
Cheyenne Parker-Tyus,Las Vegas Aces,Kaila Charles,15.81,2
Cheyenne Parker-Tyus,Las Vegas Aces,Tiffany Hayes,15.02,2
Cheyenne Parker-Tyus,Las Vegas Aces,Kierstan Bell,10.47,2
Cheyenne Parker-Tyus,Las Vegas Aces,Kaitlyn Chen,9.25,2
Dana Evans,Las Vegas Aces,Kelsey Plum,35.90,2
Dana Evans,Las Vegas Aces,Jessica Shepard,34.52,3
Dana Evans,Las Vegas Aces,Chelsea Gray,33.08,23
Dana Evans,Las Vegas Aces,Paige Bueckers,32.87,3
Dana Evans,Las Vegas Aces,Azzi Fudd,32.68,3
Dana Evans,Las Vegas Aces,Jackie Young,32.31,23
Dana Evans,Las Vegas Aces,Nneka Ogwumike,31.90,2
Dana Evans,Las Vegas Aces,A'ja Wilson,31.70,21
Dana Evans,Las Vegas Aces,Skylar Diggins,31.18,2
Dana Evans,Las Vegas Aces,Ariel Atkins,30.49,3
Dana Evans,Las Vegas Aces,Bridget Carleton,30.31,2
Dana Evans,Las Vegas Aces,Alyssa Thomas,30.07,3
Dana Evans,Las Vegas Aces,Kahleah Copper,29.10,3
Dana Evans,Las Vegas Aces,Saniya Rivers,29.04,2
Dana Evans,Las Vegas Aces,Dearica Hamby,29.04,3
Dana Evans,Las Vegas Aces,Sydney Taylor,28.89,2
Dana Evans,Las Vegas Aces,Rae Burrell,28.80,3
Dana Evans,Las Vegas Aces,Natasha Cloud,28.48,2
Dana Evans,Las Vegas Aces,Kamilla Cardoso,28.45,2
Dana Evans,Las Vegas Aces,Jewell Loyd,27.98,21
Dana Evans,Las Vegas Aces,Azura Stevens,27.80,2
Dana Evans,Las Vegas Aces,Kennedy Burke,27.44,2
Dana Evans,Las Vegas Aces,Sarah Ashlee Barker,27.34,2
Dana Evans,Las Vegas Aces,Kayla Thornton,26.91,3
Dana Evans,Las Vegas Aces,Megan Gustafson,26.68,2
Dana Evans,Las Vegas Aces,Emily Engstler,26.47,2
Dana Evans,Las Vegas Aces,Erica Wheeler,26.01,3
Dana Evans,Las Vegas Aces,Veronica Burton,25.94,3
Dana Evans,Las Vegas Aces,Aneesah Morrow,25.64,2
Dana Evans,Las Vegas Aces,Arike Ogunbowale,25.47,3
Dana Evans,Las Vegas Aces,Gabby Williams,25.10,3
Dana Evans,Las Vegas Aces,Carla Leite,24.51,2
Dana Evans,Las Vegas Aces,NaLyssa Smith,24.05,23
Dana Evans,Las Vegas Aces,Natasha Mack,23.90,2
Dana Evans,Las Vegas Aces,Monique Akoa Makani,23.01,2
Dana Evans,Las Vegas Aces,Awak Kuier,22.98,3
Dana Evans,Las Vegas Aces,Janelle Salaun,22.38,3
Dana Evans,Las Vegas Aces,Hailey Van Lith,21.96,2
Dana Evans,Las Vegas Aces,Jovana Nogic,21.24,2
Dana Evans,Las Vegas Aces,DeWanna Bonner,21.17,3
Dana Evans,Las Vegas Aces,Valeriane Ayayi,20.98,2
Dana Evans,Las Vegas Aces,Kiah Stokes,20.64,3
Dana Evans,Las Vegas Aces,Diamond Miller,19.48,2
Dana Evans,Las Vegas Aces,Stephanie Talbot,19.32,23
Dana Evans,Las Vegas Aces,Cecilia Zandalasini,19.26,3
Dana Evans,Las Vegas Aces,Cameron Brink,19.04,3
Dana Evans,Las Vegas Aces,Noemie Brochant,18.98,3
Dana Evans,Las Vegas Aces,Lexi Held,18.78,2
Dana Evans,Las Vegas Aces,Charlisse Leger-Walker,17.38,2
Dana Evans,Las Vegas Aces,Courtney Vandersloot,17.05,2
Dana Evans,Las Vegas Aces,Chennedy Carter,16.92,13
Dana Evans,Las Vegas Aces,Gianna Kneepkens,16.78,2
Dana Evans,Las Vegas Aces,Kaila Charles,16.76,3
Dana Evans,Las Vegas Aces,Tiffany Hayes,16.18,3
Dana Evans,Las Vegas Aces,Raegan Beers,15.73,2
Dana Evans,Las Vegas Aces,Jacy Sheldon,15.03,2
Dana Evans,Las Vegas Aces,Chance Gray,14.43,2
Dana Evans,Las Vegas Aces,Teja Oblak,14.19,2
Dana Evans,Las Vegas Aces,Sug Sutton,14.08,2
Dana Evans,Las Vegas Aces,Kaitlyn Chen,14.06,3
Dana Evans,Las Vegas Aces,Elizabeth Williams,14.05,2
Dana Evans,Las Vegas Aces,Frieda Buhner,12.86,2
Dana Evans,Las Vegas Aces,Maddy Siegrist,12.70,3
Dana Evans,Las Vegas Aces,Gabriela Jaquez,12.28,2
Dana Evans,Las Vegas Aces,Karlie Samuelson,11.42,2
Dana Evans,Las Vegas Aces,Kierstan Bell,11.21,19
Dana Evans,Las Vegas Aces,Cheyenne Parker-Tyus,10.92,20
Dana Evans,Las Vegas Aces,Brianna Turner,10.43,20
Dana Evans,Las Vegas Aces,Aziaha James,10.41,3
Dana Evans,Las Vegas Aces,Nyadiew Puoch,10.33,2
Dana Evans,Las Vegas Aces,Alysha Clark,10.04,3
Dana Evans,Las Vegas Aces,Kyara Linskens,9.71,2
Dana Evans,Las Vegas Aces,Laeticia Amihere,9.49,2
Dana Evans,Las Vegas Aces,Aicha Coulibaly,9.28,2
Dana Evans,Las Vegas Aces,Luisa Geiselsoder,9.13,2
Dana Evans,Las Vegas Aces,Juste Jocyte,5.74,2
Dana Evans,Las Vegas Aces,Li Yueru,5.66,2
Dana Evans,Las Vegas Aces,Ta'Niya Latson,5.53,2
Dana Evans,Las Vegas Aces,Serah Williams,5.47,2
Dana Evans,Las Vegas Aces,Jihyun Park,4.34,3
Dana Evans,Las Vegas Aces,Emma Cannon,1.28,2
Jewell Loyd,Las Vegas Aces,Jackie Young,36.75,2
Jewell Loyd,Las Vegas Aces,Chelsea Gray,34.98,2
Jewell Loyd,Las Vegas Aces,A'ja Wilson,34.75,2
Jewell Loyd,Las Vegas Aces,Stephanie Talbot,28.44,2
Jewell Loyd,Las Vegas Aces,NaLyssa Smith,23.43,2
Jewell Loyd,Las Vegas Aces,Kierstan Bell,17.76,2
Jewell Loyd,Las Vegas Aces,Brianna Turner,15.11,2
Kierstan Bell,Las Vegas Aces,Chelsea Gray,33.64,9
Kierstan Bell,Las Vegas Aces,A'ja Wilson,32.65,9
Kierstan Bell,Las Vegas Aces,Jackie Young,31.02,9
Kierstan Bell,Las Vegas Aces,Bridget Carleton,30.17,2
Kierstan Bell,Las Vegas Aces,Jewell Loyd,26.86,9
Kierstan Bell,Las Vegas Aces,Carla Leite,25.04,2
Kierstan Bell,Las Vegas Aces,NaLyssa Smith,21.48,8
Kierstan Bell,Las Vegas Aces,Emily Engstler,21.23,2
Kierstan Bell,Las Vegas Aces,Chennedy Carter,19.30,4
Kierstan Bell,Las Vegas Aces,Dana Evans,17.00,5
Kierstan Bell,Las Vegas Aces,Stephanie Talbot,15.68,9
Kierstan Bell,Las Vegas Aces,Frieda Buhner,15.63,2
Kierstan Bell,Las Vegas Aces,Karlie Samuelson,15.30,2
Kierstan Bell,Las Vegas Aces,Nyadiew Puoch,13.68,2
Kierstan Bell,Las Vegas Aces,Teja Oblak,13.38,2
Kierstan Bell,Las Vegas Aces,Brianna Turner,12.06,9
Kierstan Bell,Las Vegas Aces,Justine Pissott,11.81,3
Kierstan Bell,Las Vegas Aces,Cheyenne Parker-Tyus,9.44,6
Kierstan Bell,Las Vegas Aces,Serah Williams,9.28,2
Kierstan Bell,Las Vegas Aces,Luisa Geiselsoder,7.49,2
Ariel Atkins,Los Angeles Sparks,Brittney Sykes,36.43,2
Ariel Atkins,Los Angeles Sparks,Kelsey Plum,34.52,2
Ariel Atkins,Los Angeles Sparks,Dearica Hamby,31.40,2
Ariel Atkins,Los Angeles Sparks,Erica Wheeler,31.38,2
Ariel Atkins,Los Angeles Sparks,Nneka Ogwumike,31.18,2
Ariel Atkins,Los Angeles Sparks,Kiki Rice,28.03,2
Ariel Atkins,Los Angeles Sparks,Rae Burrell,26.63,2
Ariel Atkins,Los Angeles Sparks,Nyara Sabally,23.81,2
Ariel Atkins,Los Angeles Sparks,Marina Mabrey,23.68,2
Ariel Atkins,Los Angeles Sparks,Laura Juskaite,22.88,2
Ariel Atkins,Los Angeles Sparks,Maria Conde,21.71,2
Ariel Atkins,Los Angeles Sparks,Cameron Brink,17.43,2
Ariel Atkins,Los Angeles Sparks,Teonni Key,14.38,2
Ariel Atkins,Los Angeles Sparks,Kate Martin,12.22,2
Ariel Atkins,Los Angeles Sparks,Kia Nurse,10.78,2
Ariel Atkins,Los Angeles Sparks,Chance Gray,10.37,2
Ariel Atkins,Los Angeles Sparks,Lexi Held,5.25,2
Cameron Brink,Los Angeles Sparks,Nneka Ogwumike,30.23,8
Cameron Brink,Los Angeles Sparks,Dearica Hamby,29.85,8
Cameron Brink,Los Angeles Sparks,Kelsey Mitchell,29.78,2
Cameron Brink,Los Angeles Sparks,Rae Burrell,29.46,8
Cameron Brink,Los Angeles Sparks,Tyasha Harris,27.92,2
Cameron Brink,Los Angeles Sparks,Erica Wheeler,26.09,8
Cameron Brink,Los Angeles Sparks,Ariel Atkins,25.89,8
Cameron Brink,Los Angeles Sparks,Lexie Hull,21.28,2
Cameron Brink,Los Angeles Sparks,Monique Billings,20.08,2
Cameron Brink,Los Angeles Sparks,Makayla Timpson,16.77,2
Cameron Brink,Los Angeles Sparks,Raven Johnson,16.62,2
Cameron Brink,Los Angeles Sparks,Sophie Cunningham,15.31,2
Cameron Brink,Los Angeles Sparks,Kiana Williams,13.69,7
Cameron Brink,Los Angeles Sparks,Jihyun Park,13.15,8
Cameron Brink,Los Angeles Sparks,Damiris Dantas,13.06,2
Cameron Brink,Los Angeles Sparks,Myisha Hines-Allen,10.81,2
Cameron Brink,Los Angeles Sparks,Chance Gray,9.86,6
Cameron Brink,Los Angeles Sparks,Laura Ziegler,9.77,3
Cameron Brink,Los Angeles Sparks,Emma Cannon,9.60,7
Cameron Brink,Los Angeles Sparks,Kate Martin,7.51,4
Cameron Brink,Los Angeles Sparks,Ta'Niya Latson,7.22,3
Cameron Brink,Los Angeles Sparks,Alissa Pili,5.93,3
Cameron Brink,Los Angeles Sparks,Bree Hall,5.35,2
Cameron Brink,Los Angeles Sparks,Grace VanSlooten,4.79,2
Chance Gray,Los Angeles Sparks,Kelsey Plum,36.43,2
Chance Gray,Los Angeles Sparks,Dearica Hamby,33.43,3
Chance Gray,Los Angeles Sparks,Nneka Ogwumike,32.98,2
Chance Gray,Los Angeles Sparks,Erica Wheeler,29.71,3
Chance Gray,Los Angeles Sparks,Rae Burrell,28.96,3
Chance Gray,Los Angeles Sparks,Ariel Atkins,28.90,3
Chance Gray,Los Angeles Sparks,Kiana Williams,10.76,2
Chance Gray,Los Angeles Sparks,Jihyun Park,6.94,3
Chance Gray,Los Angeles Sparks,Emma Cannon,1.94,2
Kelsey Plum,Los Angeles Sparks,Rae Burrell,30.78,15
Kelsey Plum,Los Angeles Sparks,Nneka Ogwumike,30.59,15
Kelsey Plum,Los Angeles Sparks,Natasha Howard,30.50,2
Kelsey Plum,Los Angeles Sparks,Courtney Williams,30.08,2
Kelsey Plum,Los Angeles Sparks,Kelsey Mitchell,29.78,2
Kelsey Plum,Los Angeles Sparks,Dearica Hamby,29.31,15
Kelsey Plum,Los Angeles Sparks,Natasha Cloud,29.28,2
Kelsey Plum,Los Angeles Sparks,Ariel Atkins,29.27,15
Kelsey Plum,Los Angeles Sparks,Azura Stevens,28.92,2
Kelsey Plum,Los Angeles Sparks,Nia Coffey,28.58,2
Kelsey Plum,Los Angeles Sparks,Erica Wheeler,28.35,15
Kelsey Plum,Los Angeles Sparks,Tyasha Harris,27.92,2
Kelsey Plum,Los Angeles Sparks,Kayla McBride,27.65,2
Kelsey Plum,Los Angeles Sparks,Olivia Miles,26.15,2
Kelsey Plum,Los Angeles Sparks,Kamilla Cardoso,25.93,2
Kelsey Plum,Los Angeles Sparks,Jacy Sheldon,24.48,2
Kelsey Plum,Los Angeles Sparks,Sydney Taylor,23.48,2
Kelsey Plum,Los Angeles Sparks,Lexie Hull,21.28,2
Kelsey Plum,Los Angeles Sparks,Monique Billings,20.08,2
Kelsey Plum,Los Angeles Sparks,Cameron Brink,18.91,8
Kelsey Plum,Los Angeles Sparks,Gabriela Jaquez,17.17,2
Kelsey Plum,Los Angeles Sparks,Courtney Vandersloot,17.01,2
Kelsey Plum,Los Angeles Sparks,Makayla Timpson,16.77,2
Kelsey Plum,Los Angeles Sparks,Raven Johnson,16.62,2
Kelsey Plum,Los Angeles Sparks,Maya Caldwell,16.13,2
Kelsey Plum,Los Angeles Sparks,Sophie Cunningham,15.31,2
Kelsey Plum,Los Angeles Sparks,Antonia Delaere,14.62,2
Kelsey Plum,Los Angeles Sparks,Anastasiia Olairi Kosu,13.45,2
Kelsey Plum,Los Angeles Sparks,Damiris Dantas,13.06,2
Kelsey Plum,Los Angeles Sparks,Elizabeth Williams,12.49,2
Kelsey Plum,Los Angeles Sparks,Kiana Williams,12.40,9
Kelsey Plum,Los Angeles Sparks,Chance Gray,11.38,14
Kelsey Plum,Los Angeles Sparks,Jihyun Park,11.09,14
Kelsey Plum,Los Angeles Sparks,Myisha Hines-Allen,10.81,2
Kelsey Plum,Los Angeles Sparks,Laura Ziegler,9.59,2
Kelsey Plum,Los Angeles Sparks,Eliska Hamzova,8.99,2
Kelsey Plum,Los Angeles Sparks,Rachel Banham,8.60,2
Kelsey Plum,Los Angeles Sparks,Aicha Coulibaly,8.28,2
Kelsey Plum,Los Angeles Sparks,Emma Cannon,7.89,9
Kelsey Plum,Los Angeles Sparks,Kate Martin,6.64,7
Kelsey Plum,Los Angeles Sparks,Ta'Niya Latson,6.26,6
Kelsey Plum,Los Angeles Sparks,Alissa Pili,5.93,3
Kelsey Plum,Los Angeles Sparks,Bree Hall,5.35,2
Kelsey Plum,Los Angeles Sparks,Grace VanSlooten,4.79,2
Kiana Williams,Los Angeles Sparks,Jessica Shepard,38.03,2
Kiana Williams,Los Angeles Sparks,Brittney Sykes,36.43,2
Kiana Williams,Los Angeles Sparks,Kelsey Plum,34.43,10
Kiana Williams,Los Angeles Sparks,Chelsea Gray,34.37,3
Kiana Williams,Los Angeles Sparks,Paige Bueckers,34.04,2
Kiana Williams,Los Angeles Sparks,Azzi Fudd,33.67,2
Kiana Williams,Los Angeles Sparks,A'ja Wilson,33.05,3
Kiana Williams,Los Angeles Sparks,Arike Ogunbowale,32.76,2
Kiana Williams,Los Angeles Sparks,Nneka Ogwumike,32.17,15
Kiana Williams,Los Angeles Sparks,Erica Wheeler,28.83,16
Kiana Williams,Los Angeles Sparks,Dearica Hamby,28.76,16
Kiana Williams,Los Angeles Sparks,Jackie Young,28.73,3
Kiana Williams,Los Angeles Sparks,Kiki Rice,28.03,2
Kiana Williams,Los Angeles Sparks,Jewell Loyd,27.73,2
Kiana Williams,Los Angeles Sparks,Ariel Atkins,27.58,14
Kiana Williams,Los Angeles Sparks,Rae Burrell,27.06,16
Kiana Williams,Los Angeles Sparks,Nyara Sabally,23.81,2
Kiana Williams,Los Angeles Sparks,Marina Mabrey,23.68,2
Kiana Williams,Los Angeles Sparks,Laura Juskaite,22.88,2
Kiana Williams,Los Angeles Sparks,Chennedy Carter,22.85,2
Kiana Williams,Los Angeles Sparks,Maria Conde,21.71,2
Kiana Williams,Los Angeles Sparks,NaLyssa Smith,21.71,3
Kiana Williams,Los Angeles Sparks,Stephanie Talbot,19.84,3
Kiana Williams,Los Angeles Sparks,Maddy Siegrist,18.13,2
Kiana Williams,Los Angeles Sparks,Cameron Brink,17.66,15
Kiana Williams,Los Angeles Sparks,Brianna Turner,15.06,3
Kiana Williams,Los Angeles Sparks,Kierstan Bell,14.75,2
Kiana Williams,Los Angeles Sparks,Teonni Key,14.38,2
Kiana Williams,Los Angeles Sparks,Lexi Held,13.03,3
Kiana Williams,Los Angeles Sparks,Chance Gray,11.55,15
Kiana Williams,Los Angeles Sparks,Kia Nurse,10.78,2
Kiana Williams,Los Angeles Sparks,Odyssey Sims,10.77,2
Kiana Williams,Los Angeles Sparks,Aziaha James,8.77,2
Kiana Williams,Los Angeles Sparks,Kate Martin,7.70,10
Kiana Williams,Los Angeles Sparks,Jihyun Park,7.40,11
Kiana Williams,Los Angeles Sparks,Cheyenne Parker-Tyus,5.55,2
Kiana Williams,Los Angeles Sparks,Ta'Niya Latson,5.07,8
Kiana Williams,Los Angeles Sparks,Alysha Clark,4.87,2
Kiana Williams,Los Angeles Sparks,Sania Feagin,3.40,3
Kiana Williams,Los Angeles Sparks,Emma Cannon,2.08,5
Anastasiia Olairi Kosu,Minnesota Lynx,Kayla McBride,35.33,3
Anastasiia Olairi Kosu,Minnesota Lynx,Olivia Miles,31.94,3
Anastasiia Olairi Kosu,Minnesota Lynx,Natasha Howard,29.24,3
Anastasiia Olairi Kosu,Minnesota Lynx,Courtney Williams,26.32,3
Anastasiia Olairi Kosu,Minnesota Lynx,Napheesa Collier,23.60,2
Anastasiia Olairi Kosu,Minnesota Lynx,Maya Caldwell,18.15,3
Anastasiia Olairi Kosu,Minnesota Lynx,Nia Coffey,18.04,3
Anastasiia Olairi Kosu,Minnesota Lynx,Dorka Juhasz,15.18,2
Anastasiia Olairi Kosu,Minnesota Lynx,Antonia Delaere,7.90,3
Anastasiia Olairi Kosu,Minnesota Lynx,Eliska Hamzova,2.78,2
Dorka Juhasz,Minnesota Lynx,Rhyne Howard,37.02,2
Dorka Juhasz,Minnesota Lynx,Sonia Citron,33.90,2
Dorka Juhasz,Minnesota Lynx,Naz Hillmon,32.60,2
Dorka Juhasz,Minnesota Lynx,Paige Bueckers,32.47,3
Dorka Juhasz,Minnesota Lynx,Alyssa Thomas,32.15,3
Dorka Juhasz,Minnesota Lynx,Ariel Atkins,32.08,2
Dorka Juhasz,Minnesota Lynx,Kayla McBride,31.70,22
Dorka Juhasz,Minnesota Lynx,Natasha Cloud,31.67,3
Dorka Juhasz,Minnesota Lynx,Allisha Gray,31.63,2
Dorka Juhasz,Minnesota Lynx,Jessica Shepard,31.54,3
Dorka Juhasz,Minnesota Lynx,Nneka Ogwumike,31.38,2
Dorka Juhasz,Minnesota Lynx,Kahleah Copper,31.26,3
Dorka Juhasz,Minnesota Lynx,Courtney Williams,30.54,22
Dorka Juhasz,Minnesota Lynx,Skylar Diggins,30.41,2
Dorka Juhasz,Minnesota Lynx,Olivia Miles,30.36,22
Dorka Juhasz,Minnesota Lynx,Natasha Howard,30.08,22
Dorka Juhasz,Minnesota Lynx,Angel Reese,29.83,2
Dorka Juhasz,Minnesota Lynx,Rae Burrell,29.74,2
Dorka Juhasz,Minnesota Lynx,Georgia Amoore,29.23,2
Dorka Juhasz,Minnesota Lynx,Azzi Fudd,29.18,3
Dorka Juhasz,Minnesota Lynx,Dearica Hamby,28.82,2
Dorka Juhasz,Minnesota Lynx,Arike Ogunbowale,28.01,3
Dorka Juhasz,Minnesota Lynx,Jordin Canada,27.88,2
Dorka Juhasz,Minnesota Lynx,Nia Coffey,27.55,22
Dorka Juhasz,Minnesota Lynx,Erica Wheeler,27.48,2
Dorka Juhasz,Minnesota Lynx,Gabriela Jaquez,27.46,2
Dorka Juhasz,Minnesota Lynx,Kiki Iriafen,27.36,2
Dorka Juhasz,Minnesota Lynx,Cotie McMahon,27.35,2
Dorka Juhasz,Minnesota Lynx,Cecilia Zandalasini,27.00,2
Dorka Juhasz,Minnesota Lynx,Gabby Williams,26.33,2
Dorka Juhasz,Minnesota Lynx,Kamilla Cardoso,25.85,3
Dorka Juhasz,Minnesota Lynx,Monique Akoa Makani,25.33,2
Dorka Juhasz,Minnesota Lynx,Veronica Burton,25.15,2
Dorka Juhasz,Minnesota Lynx,Natasha Mack,24.10,2
Dorka Juhasz,Minnesota Lynx,Shakira Austin,23.94,2
Dorka Juhasz,Minnesota Lynx,Jacy Sheldon,23.54,3
Dorka Juhasz,Minnesota Lynx,DeWanna Bonner,23.46,3
Dorka Juhasz,Minnesota Lynx,Michaela Onyenwere,22.83,2
Dorka Juhasz,Minnesota Lynx,Kayla Thornton,22.26,2
Dorka Juhasz,Minnesota Lynx,Janelle Salaun,21.93,2
Dorka Juhasz,Minnesota Lynx,Rachel Banham,20.92,3
Dorka Juhasz,Minnesota Lynx,Maddy Siegrist,20.58,3
Dorka Juhasz,Minnesota Lynx,Kiah Stokes,19.59,2
Dorka Juhasz,Minnesota Lynx,Kaila Charles,18.03,2
Dorka Juhasz,Minnesota Lynx,Noemie Brochant,17.97,3
Dorka Juhasz,Minnesota Lynx,Alanna Smith,17.81,2
Dorka Juhasz,Minnesota Lynx,Emma Cechova,17.27,3
Dorka Juhasz,Minnesota Lynx,Lauren Betts,17.02,2
Dorka Juhasz,Minnesota Lynx,Elizabeth Williams,16.98,3
Dorka Juhasz,Minnesota Lynx,Azura Stevens,16.65,2
Dorka Juhasz,Minnesota Lynx,Jovana Nogic,16.63,2
Dorka Juhasz,Minnesota Lynx,Lexi Held,16.55,3
Dorka Juhasz,Minnesota Lynx,Sydney Taylor,16.42,3
Dorka Juhasz,Minnesota Lynx,Tiffany Hayes,16.38,2
Dorka Juhasz,Minnesota Lynx,Aicha Coulibaly,16.28,2
Dorka Juhasz,Minnesota Lynx,Kyara Linskens,15.90,2
Dorka Juhasz,Minnesota Lynx,Te-Hina Paopao,15.90,2
Dorka Juhasz,Minnesota Lynx,Valeriane Ayayi,15.47,3
Dorka Juhasz,Minnesota Lynx,Jihyun Park,15.03,2
Dorka Juhasz,Minnesota Lynx,Kaitlyn Chen,14.75,2
Dorka Juhasz,Minnesota Lynx,Maya Caldwell,14.00,22
Dorka Juhasz,Minnesota Lynx,Aziaha James,12.89,3
Dorka Juhasz,Minnesota Lynx,Antonia Delaere,12.76,22
Dorka Juhasz,Minnesota Lynx,Kiana Williams,12.47,2
Dorka Juhasz,Minnesota Lynx,Angela Dugalic,11.68,2
Dorka Juhasz,Minnesota Lynx,Anastasiia Olairi Kosu,11.56,21
Dorka Juhasz,Minnesota Lynx,Awak Kuier,11.28,2
Dorka Juhasz,Minnesota Lynx,Liatu King,9.18,8
Dorka Juhasz,Minnesota Lynx,Alysha Clark,8.48,2
Dorka Juhasz,Minnesota Lynx,Isobel Borlase,8.16,2
Dorka Juhasz,Minnesota Lynx,Chance Gray,8.08,2
Dorka Juhasz,Minnesota Lynx,Madina Okot,7.31,2
Dorka Juhasz,Minnesota Lynx,Eliska Hamzova,7.02,7
Dorka Juhasz,Minnesota Lynx,Emese Hof,6.87,3
Dorka Juhasz,Minnesota Lynx,Teaira McCowan,6.84,10
Dorka Juhasz,Minnesota Lynx,Sika Kone,5.96,2
Dorka Juhasz,Minnesota Lynx,Li Yueru,5.85,2
Dorka Juhasz,Minnesota Lynx,Lucy Olsen,5.61,2
Olivia Miles,Minnesota Lynx,Kayla McBride,38.09,2
Olivia Miles,Minnesota Lynx,Courtney Williams,33.26,2
Olivia Miles,Minnesota Lynx,Leila Lacan,31.49,2
Olivia Miles,Minnesota Lynx,Charlisse Leger-Walker,29.54,2
Olivia Miles,Minnesota Lynx,Natasha Howard,28.97,2
Olivia Miles,Minnesota Lynx,Olivia Nelson-Ododa,27.83,2
Olivia Miles,Minnesota Lynx,Kennedy Burke,25.05,2
Olivia Miles,Minnesota Lynx,Antonia Delaere,23.79,2
Olivia Miles,Minnesota Lynx,Dorka Juhasz,22.03,2
Olivia Miles,Minnesota Lynx,Diamond Miller,21.12,2
Olivia Miles,Minnesota Lynx,Nia Coffey,17.06,2
Olivia Miles,Minnesota Lynx,Maya Caldwell,15.04,2
Olivia Miles,Minnesota Lynx,Aaliyah Edwards,14.53,2
Olivia Miles,Minnesota Lynx,Saniya Rivers,12.37,2
Olivia Miles,Minnesota Lynx,Anastasiia Olairi Kosu,11.95,2
Olivia Miles,Minnesota Lynx,Eliska Hamzova,9.82,2
Olivia Miles,Minnesota Lynx,Nell Angloma,7.86,2
Olivia Miles,Minnesota Lynx,Gianna Kneepkens,6.65,2
Betnijah Laney-Hamilton,New York Liberty,Arike Ogunbowale,38.02,2
Betnijah Laney-Hamilton,New York Liberty,Azzi Fudd,37.37,2
Betnijah Laney-Hamilton,New York Liberty,Jessica Shepard,35.49,2
Betnijah Laney-Hamilton,New York Liberty,Breanna Stewart,34.89,12
Betnijah Laney-Hamilton,New York Liberty,Dearica Hamby,31.82,2
Betnijah Laney-Hamilton,New York Liberty,Sabrina Ionescu,31.48,10
Betnijah Laney-Hamilton,New York Liberty,Nneka Ogwumike,31.46,2
Betnijah Laney-Hamilton,New York Liberty,Ariel Atkins,29.94,2
Betnijah Laney-Hamilton,New York Liberty,Rae Burrell,29.90,2
Betnijah Laney-Hamilton,New York Liberty,Natasha Cloud,29.78,2
Betnijah Laney-Hamilton,New York Liberty,Jonquel Jones,29.78,12
Betnijah Laney-Hamilton,New York Liberty,Leonie Fiebich,29.40,4
Betnijah Laney-Hamilton,New York Liberty,Sydney Taylor,27.32,2
Betnijah Laney-Hamilton,New York Liberty,Erica Wheeler,26.83,2
Betnijah Laney-Hamilton,New York Liberty,Azura Stevens,24.96,2
Betnijah Laney-Hamilton,New York Liberty,Awak Kuier,24.65,2
Betnijah Laney-Hamilton,New York Liberty,Gabriela Jaquez,24.63,2
Betnijah Laney-Hamilton,New York Liberty,Kamilla Cardoso,24.29,2
Betnijah Laney-Hamilton,New York Liberty,Pauline Astier,22.20,12
Betnijah Laney-Hamilton,New York Liberty,Rebecca Allen,21.32,8
Betnijah Laney-Hamilton,New York Liberty,Marine Fauthoux,20.20,5
Betnijah Laney-Hamilton,New York Liberty,Marine Johannes,20.09,9
Betnijah Laney-Hamilton,New York Liberty,Satou Sabally,18.02,6
Betnijah Laney-Hamilton,New York Liberty,Elizabeth Williams,15.63,2
Betnijah Laney-Hamilton,New York Liberty,Odyssey Sims,14.56,2
Betnijah Laney-Hamilton,New York Liberty,Rebekah Gardner,14.29,11
Betnijah Laney-Hamilton,New York Liberty,Jacy Sheldon,13.56,2
Betnijah Laney-Hamilton,New York Liberty,Han Xu,12.00,12
Betnijah Laney-Hamilton,New York Liberty,Anneli Maley,11.93,3
Betnijah Laney-Hamilton,New York Liberty,Aicha Coulibaly,10.03,2
Betnijah Laney-Hamilton,New York Liberty,Li Yueru,9.64,2
Betnijah Laney-Hamilton,New York Liberty,Maddy Siegrist,8.64,2
Betnijah Laney-Hamilton,New York Liberty,Kiana Williams,5.90,2
Betnijah Laney-Hamilton,New York Liberty,Aziaha James,5.86,2
Betnijah Laney-Hamilton,New York Liberty,Jihyun Park,4.68,2
Betnijah Laney-Hamilton,New York Liberty,Rachel Banham,3.42,2
Betnijah Laney-Hamilton,New York Liberty,Raquel Carrera,3.20,7
Julie Vanloo,New York Liberty,Jackie Young,36.70,2
Julie Vanloo,New York Liberty,Azzi Fudd,36.35,3
Julie Vanloo,New York Liberty,Kahleah Copper,36.18,2
Julie Vanloo,New York Liberty,Jessica Shepard,35.93,3
Julie Vanloo,New York Liberty,Arike Ogunbowale,35.91,3
Julie Vanloo,New York Liberty,A'ja Wilson,35.67,2
Julie Vanloo,New York Liberty,Paige Bueckers,34.85,2
Julie Vanloo,New York Liberty,Chelsea Gray,34.60,2
Julie Vanloo,New York Liberty,Alyssa Thomas,34.02,2
Julie Vanloo,New York Liberty,Breanna Stewart,33.91,23
Julie Vanloo,New York Liberty,Natasha Howard,33.37,2
Julie Vanloo,New York Liberty,Kayla McBride,32.83,2
Julie Vanloo,New York Liberty,Sonia Citron,32.55,2
Julie Vanloo,New York Liberty,Dearica Hamby,31.82,2
Julie Vanloo,New York Liberty,Nneka Ogwumike,31.46,2
Julie Vanloo,New York Liberty,Sabrina Ionescu,30.94,17
Julie Vanloo,New York Liberty,Kelsey Mitchell,30.86,2
Julie Vanloo,New York Liberty,Marina Mabrey,30.73,2
Julie Vanloo,New York Liberty,Courtney Williams,30.35,2
Julie Vanloo,New York Liberty,Caitlin Clark,30.08,2
Julie Vanloo,New York Liberty,Ariel Atkins,29.94,2
Julie Vanloo,New York Liberty,Rae Burrell,29.90,2
Julie Vanloo,New York Liberty,Jonquel Jones,29.80,23
Julie Vanloo,New York Liberty,Natasha Cloud,29.78,2
Julie Vanloo,New York Liberty,Leonie Fiebich,29.13,14
Julie Vanloo,New York Liberty,Olivia Miles,29.04,2
Julie Vanloo,New York Liberty,Shakira Austin,28.88,2
Julie Vanloo,New York Liberty,Julie Allemand,28.41,2
Julie Vanloo,New York Liberty,Jewell Loyd,28.20,2
Julie Vanloo,New York Liberty,Nia Coffey,28.08,2
Julie Vanloo,New York Liberty,Nyara Sabally,27.70,2
Julie Vanloo,New York Liberty,Natasha Mack,27.63,2
Julie Vanloo,New York Liberty,Sydney Taylor,27.32,2
Julie Vanloo,New York Liberty,Maria Conde,27.23,2
Julie Vanloo,New York Liberty,Erica Wheeler,26.83,2
Julie Vanloo,New York Liberty,Monique Billings,26.37,2
Julie Vanloo,New York Liberty,Aliyah Boston,26.14,2
Julie Vanloo,New York Liberty,Awak Kuier,25.66,3
Julie Vanloo,New York Liberty,Laura Juskaite,25.37,2
Julie Vanloo,New York Liberty,Azura Stevens,24.96,2
Julie Vanloo,New York Liberty,Gabriela Jaquez,24.63,2
Julie Vanloo,New York Liberty,Michaela Onyenwere,24.59,2
Julie Vanloo,New York Liberty,Kamilla Cardoso,24.29,2
Julie Vanloo,New York Liberty,Monique Akoa Makani,23.98,2
Julie Vanloo,New York Liberty,Pauline Astier,23.28,24
Julie Vanloo,New York Liberty,DeWanna Bonner,22.93,2
Julie Vanloo,New York Liberty,Georgia Amoore,21.63,2
Julie Vanloo,New York Liberty,NaLyssa Smith,21.01,2
Julie Vanloo,New York Liberty,Lauren Betts,20.93,2
Julie Vanloo,New York Liberty,Marine Johannes,20.66,21
Julie Vanloo,New York Liberty,Noemie Brochant,20.28,2
Julie Vanloo,New York Liberty,Sophie Cunningham,19.46,2
Julie Vanloo,New York Liberty,Lexie Hull,18.98,2
Julie Vanloo,New York Liberty,Cotie McMahon,17.03,2
Julie Vanloo,New York Liberty,Satou Sabally,16.79,12
Julie Vanloo,New York Liberty,Angela Dugalic,16.43,2
Julie Vanloo,New York Liberty,Elizabeth Williams,15.63,2
Julie Vanloo,New York Liberty,Rebecca Allen,15.25,12
Julie Vanloo,New York Liberty,Maya Caldwell,15.13,2
Julie Vanloo,New York Liberty,Alanna Smith,15.08,2
Julie Vanloo,New York Liberty,Marine Fauthoux,14.68,8
Julie Vanloo,New York Liberty,Betnijah Laney-Hamilton,14.62,13
Julie Vanloo,New York Liberty,Myisha Hines-Allen,13.89,2
Julie Vanloo,New York Liberty,Rebekah Gardner,13.72,22
Julie Vanloo,New York Liberty,Jacy Sheldon,13.56,2
Julie Vanloo,New York Liberty,Odyssey Sims,13.54,3
Julie Vanloo,New York Liberty,Makayla Timpson,13.47,2
Julie Vanloo,New York Liberty,Jovana Nogic,13.13,2
Julie Vanloo,New York Liberty,Han Xu,12.82,24
Julie Vanloo,New York Liberty,Kyara Linskens,12.37,2
Julie Vanloo,New York Liberty,Stephanie Talbot,12.01,2
Julie Vanloo,New York Liberty,Anneli Maley,11.73,4
Julie Vanloo,New York Liberty,Raven Johnson,10.43,2
Julie Vanloo,New York Liberty,Antonia Delaere,10.21,2
Julie Vanloo,New York Liberty,Aicha Coulibaly,10.03,2
Julie Vanloo,New York Liberty,Li Yueru,9.64,2
Julie Vanloo,New York Liberty,Maddy Siegrist,8.64,2
Julie Vanloo,New York Liberty,Lucy Olsen,7.47,2
Julie Vanloo,New York Liberty,Anastasiia Olairi Kosu,7.29,2
Julie Vanloo,New York Liberty,Aziaha James,6.95,3
Julie Vanloo,New York Liberty,Kiana Williams,6.23,3
Julie Vanloo,New York Liberty,Tima Pouye,6.22,2
Julie Vanloo,New York Liberty,Valeriane Ayayi,6.05,2
Julie Vanloo,New York Liberty,Raquel Carrera,5.32,16
Julie Vanloo,New York Liberty,Jihyun Park,4.68,2
Julie Vanloo,New York Liberty,Kia Nurse,4.63,2
Julie Vanloo,New York Liberty,Cassandre Prosper,4.52,2
Julie Vanloo,New York Liberty,Rachel Banham,3.42,2
Leonie Fiebich,New York Liberty,Azzi Fudd,36.35,3
Leonie Fiebich,New York Liberty,Jessica Shepard,35.93,3
Leonie Fiebich,New York Liberty,Arike Ogunbowale,35.91,3
Leonie Fiebich,New York Liberty,Paige Bueckers,34.85,2
Leonie Fiebich,New York Liberty,Breanna Stewart,34.60,15
Leonie Fiebich,New York Liberty,Sabrina Ionescu,33.38,9
Leonie Fiebich,New York Liberty,Bridget Carleton,29.30,3
Leonie Fiebich,New York Liberty,Jonquel Jones,29.03,15
Leonie Fiebich,New York Liberty,Awak Kuier,25.66,3
Leonie Fiebich,New York Liberty,Marine Johannes,24.85,12
Leonie Fiebich,New York Liberty,Nyadiew Puoch,24.34,3
Leonie Fiebich,New York Liberty,Pauline Astier,24.00,15
Leonie Fiebich,New York Liberty,Carla Leite,23.94,2
Leonie Fiebich,New York Liberty,Emily Engstler,23.53,3
Leonie Fiebich,New York Liberty,Luisa Geiselsoder,23.11,3
Leonie Fiebich,New York Liberty,Sug Sutton,20.71,2
Leonie Fiebich,New York Liberty,Sarah Ashlee Barker,20.51,3
Leonie Fiebich,New York Liberty,Marine Fauthoux,20.20,5
Leonie Fiebich,New York Liberty,Betnijah Laney-Hamilton,19.12,7
Leonie Fiebich,New York Liberty,Rebecca Allen,18.92,10
Leonie Fiebich,New York Liberty,Rebekah Gardner,18.14,14
Leonie Fiebich,New York Liberty,Julie Vanloo,16.23,5
Leonie Fiebich,New York Liberty,Alex Fowler,15.65,2
Leonie Fiebich,New York Liberty,Megan Gustafson,15.55,3
Leonie Fiebich,New York Liberty,Satou Sabally,15.22,3
Leonie Fiebich,New York Liberty,Kamiah Smalls,15.09,2
Leonie Fiebich,New York Liberty,Alanna Smith,15.08,2
Leonie Fiebich,New York Liberty,Han Xu,14.24,15
Leonie Fiebich,New York Liberty,Odyssey Sims,13.54,3
Leonie Fiebich,New York Liberty,Haley Jones,12.72,2
Leonie Fiebich,New York Liberty,Anneli Maley,11.73,4
Leonie Fiebich,New York Liberty,Frieda Buhner,10.85,2
Leonie Fiebich,New York Liberty,Li Yueru,9.64,2
Leonie Fiebich,New York Liberty,Maddy Siegrist,8.64,2
Leonie Fiebich,New York Liberty,Serah Williams,7.64,2
Leonie Fiebich,New York Liberty,Aziaha James,6.95,3
Leonie Fiebich,New York Liberty,Raquel Carrera,4.08,8
Leonie Fiebich,New York Liberty,Aubrey Griffin,1.93,4
Marine Fauthoux,New York Liberty,Kahleah Copper,36.18,2
Marine Fauthoux,New York Liberty,Arike Ogunbowale,34.99,2
Marine Fauthoux,New York Liberty,Jessica Shepard,34.87,2
Marine Fauthoux,New York Liberty,Paige Bueckers,34.85,2
Marine Fauthoux,New York Liberty,Alyssa Thomas,34.02,2
Marine Fauthoux,New York Liberty,Sonia Citron,33.68,3
Marine Fauthoux,New York Liberty,Natasha Howard,33.37,2
Marine Fauthoux,New York Liberty,Azzi Fudd,33.17,2
Marine Fauthoux,New York Liberty,Kayla McBride,32.83,2
Marine Fauthoux,New York Liberty,Breanna Stewart,32.79,20
Marine Fauthoux,New York Liberty,Marina Mabrey,30.73,2
Marine Fauthoux,New York Liberty,Shakira Austin,30.38,3
Marine Fauthoux,New York Liberty,Courtney Williams,30.35,2
Marine Fauthoux,New York Liberty,Jonquel Jones,30.00,21
Marine Fauthoux,New York Liberty,Sabrina Ionescu,29.75,12
Marine Fauthoux,New York Liberty,Leonie Fiebich,29.33,11
Marine Fauthoux,New York Liberty,Bridget Carleton,29.30,3
Marine Fauthoux,New York Liberty,Olivia Miles,29.04,2
Marine Fauthoux,New York Liberty,Julie Allemand,28.41,2
Marine Fauthoux,New York Liberty,Nia Coffey,28.08,2
Marine Fauthoux,New York Liberty,Nyara Sabally,27.70,2
Marine Fauthoux,New York Liberty,Kiki Iriafen,27.66,2
Marine Fauthoux,New York Liberty,Natasha Mack,27.63,2
Marine Fauthoux,New York Liberty,Veronica Burton,27.47,2
Marine Fauthoux,New York Liberty,Kayla Thornton,27.25,2
Marine Fauthoux,New York Liberty,Maria Conde,27.23,2
Marine Fauthoux,New York Liberty,Awak Kuier,26.02,2
Marine Fauthoux,New York Liberty,Laura Juskaite,25.37,2
Marine Fauthoux,New York Liberty,Michaela Onyenwere,24.59,2
Marine Fauthoux,New York Liberty,Nyadiew Puoch,24.34,3
Marine Fauthoux,New York Liberty,Kiah Stokes,24.24,2
Marine Fauthoux,New York Liberty,Pauline Astier,24.17,21
Marine Fauthoux,New York Liberty,Monique Akoa Makani,23.98,2
Marine Fauthoux,New York Liberty,Carla Leite,23.94,2
Marine Fauthoux,New York Liberty,Emily Engstler,23.53,3
Marine Fauthoux,New York Liberty,Kaila Charles,23.48,2
Marine Fauthoux,New York Liberty,Marine Johannes,23.31,21
Marine Fauthoux,New York Liberty,Luisa Geiselsoder,23.11,3
Marine Fauthoux,New York Liberty,DeWanna Bonner,22.93,2
Marine Fauthoux,New York Liberty,Georgia Amoore,21.54,3
Marine Fauthoux,New York Liberty,Sarah Ashlee Barker,20.51,3
Marine Fauthoux,New York Liberty,Gabby Williams,20.48,2
Marine Fauthoux,New York Liberty,Noemie Brochant,20.28,2
Marine Fauthoux,New York Liberty,Janelle Salaun,20.25,2
Marine Fauthoux,New York Liberty,Lauren Betts,20.09,3
Marine Fauthoux,New York Liberty,Betnijah Laney-Hamilton,17.24,14
Marine Fauthoux,New York Liberty,Cotie McMahon,17.03,2
Marine Fauthoux,New York Liberty,Julie Vanloo,16.23,5
Marine Fauthoux,New York Liberty,Tiffany Hayes,16.18,2
Marine Fauthoux,New York Liberty,Satou Sabally,15.95,10
Marine Fauthoux,New York Liberty,Alex Fowler,15.65,2
Marine Fauthoux,New York Liberty,Megan Gustafson,15.55,3
Marine Fauthoux,New York Liberty,Rebekah Gardner,15.33,20
Marine Fauthoux,New York Liberty,Maya Caldwell,15.13,2
Marine Fauthoux,New York Liberty,Kamiah Smalls,15.09,2
Marine Fauthoux,New York Liberty,Alanna Smith,15.08,2
Marine Fauthoux,New York Liberty,Angela Dugalic,14.42,3
Marine Fauthoux,New York Liberty,Laeticia Amihere,14.12,2
Marine Fauthoux,New York Liberty,Kaitlyn Chen,13.59,2
Marine Fauthoux,New York Liberty,Jovana Nogic,13.13,2
Marine Fauthoux,New York Liberty,Haley Jones,12.72,2
Marine Fauthoux,New York Liberty,Han Xu,12.60,21
Marine Fauthoux,New York Liberty,Kyara Linskens,12.37,2
Marine Fauthoux,New York Liberty,Cassandre Prosper,12.18,3
Marine Fauthoux,New York Liberty,Rori Harmon,11.93,2
Marine Fauthoux,New York Liberty,Anneli Maley,11.10,3
Marine Fauthoux,New York Liberty,Frieda Buhner,10.85,2
Marine Fauthoux,New York Liberty,Antonia Delaere,10.21,2
Marine Fauthoux,New York Liberty,Rebecca Allen,10.06,9
Marine Fauthoux,New York Liberty,Odyssey Sims,9.79,2
Marine Fauthoux,New York Liberty,Serah Williams,7.64,2
Marine Fauthoux,New York Liberty,Anastasiia Olairi Kosu,7.29,2
Marine Fauthoux,New York Liberty,Kiana Williams,6.93,2
Marine Fauthoux,New York Liberty,Lucy Olsen,6.56,3
Marine Fauthoux,New York Liberty,Aziaha James,6.46,2
Marine Fauthoux,New York Liberty,Tima Pouye,6.22,2
Marine Fauthoux,New York Liberty,Valeriane Ayayi,6.05,2
Marine Fauthoux,New York Liberty,Raquel Carrera,4.65,10
Marine Fauthoux,New York Liberty,Kia Nurse,4.63,2
Marine Fauthoux,New York Liberty,Aubrey Griffin,1.93,4
Marine Johannes,New York Liberty,Breanna Stewart,38.68,3
Marine Johannes,New York Liberty,Sabrina Ionescu,35.46,3
Marine Johannes,New York Liberty,Jonquel Jones,28.23,3
Marine Johannes,New York Liberty,Rebecca Allen,26.25,3
Marine Johannes,New York Liberty,Marine Fauthoux,22.53,3
Marine Johannes,New York Liberty,Pauline Astier,20.88,3
Marine Johannes,New York Liberty,Rebekah Gardner,18.12,3
Marine Johannes,New York Liberty,Han Xu,15.06,3
Marine Johannes,New York Liberty,Raquel Carrera,3.13,3
Rebecca Allen,New York Liberty,Breanna Stewart,33.78,14
Rebecca Allen,New York Liberty,Sonia Citron,33.68,3
Rebecca Allen,New York Liberty,Marina Mabrey,30.73,2
Rebecca Allen,New York Liberty,Shakira Austin,30.38,3
Rebecca Allen,New York Liberty,Sabrina Ionescu,30.19,8
Rebecca Allen,New York Liberty,Jonquel Jones,29.33,14
Rebecca Allen,New York Liberty,Leonie Fiebich,28.82,10
Rebecca Allen,New York Liberty,Julie Allemand,28.41,2
Rebecca Allen,New York Liberty,Nyara Sabally,27.70,2
Rebecca Allen,New York Liberty,Kiki Iriafen,27.66,2
Rebecca Allen,New York Liberty,Saniya Rivers,27.43,2
Rebecca Allen,New York Liberty,Maria Conde,27.23,2
Rebecca Allen,New York Liberty,Laura Juskaite,25.37,2
Rebecca Allen,New York Liberty,Michaela Onyenwere,24.59,2
Rebecca Allen,New York Liberty,Pauline Astier,24.00,15
Rebecca Allen,New York Liberty,Diamond Miller,23.96,2
Rebecca Allen,New York Liberty,Marine Johannes,23.50,15
Rebecca Allen,New York Liberty,Georgia Amoore,21.54,3
Rebecca Allen,New York Liberty,Olivia Nelson-Ododa,20.58,2
Rebecca Allen,New York Liberty,Lauren Betts,20.09,3
Rebecca Allen,New York Liberty,Kennedy Burke,19.52,2
Rebecca Allen,New York Liberty,Betnijah Laney-Hamilton,18.68,11
Rebecca Allen,New York Liberty,Satou Sabally,17.84,9
Rebecca Allen,New York Liberty,Charlisse Leger-Walker,17.60,2
Rebecca Allen,New York Liberty,Cotie McMahon,17.03,2
Rebecca Allen,New York Liberty,Julie Vanloo,15.90,3
Rebecca Allen,New York Liberty,Angela Dugalic,14.42,3
Rebecca Allen,New York Liberty,Rebekah Gardner,13.50,14
Rebecca Allen,New York Liberty,Han Xu,13.40,15
Rebecca Allen,New York Liberty,Gianna Kneepkens,13.11,2
Rebecca Allen,New York Liberty,Raegan Beers,12.53,2
Rebecca Allen,New York Liberty,Cassandre Prosper,12.18,3
Rebecca Allen,New York Liberty,Rori Harmon,11.93,2
Rebecca Allen,New York Liberty,Anneli Maley,11.14,2
Rebecca Allen,New York Liberty,Raquel Carrera,7.30,7
Rebecca Allen,New York Liberty,Lucy Olsen,6.56,3
Rebecca Allen,New York Liberty,Tima Pouye,6.22,2
Rebecca Allen,New York Liberty,Marine Fauthoux,5.48,3
Rebecca Allen,New York Liberty,Kia Nurse,4.63,2
Rebecca Allen,New York Liberty,Aubrey Griffin,1.89,3
Rebekah Gardner,New York Liberty,Breanna Stewart,33.68,2
Rebekah Gardner,New York Liberty,Sabrina Ionescu,31.68,2
Rebekah Gardner,New York Liberty,Jonquel Jones,27.73,2
Rebekah Gardner,New York Liberty,Pauline Astier,21.22,2
Rebekah Gardner,New York Liberty,Marine Johannes,17.91,2
Rebekah Gardner,New York Liberty,Han Xu,12.67,2
Sabrina Ionescu,New York Liberty,Kahleah Copper,36.18,2
Sabrina Ionescu,New York Liberty,Alyssa Thomas,34.02,2
Sabrina Ionescu,New York Liberty,Breanna Stewart,32.69,12
Sabrina Ionescu,New York Liberty,Bridget Carleton,29.30,3
Sabrina Ionescu,New York Liberty,Jonquel Jones,29.06,11
Sabrina Ionescu,New York Liberty,Leonie Fiebich,28.98,6
Sabrina Ionescu,New York Liberty,Natasha Mack,27.63,2
Sabrina Ionescu,New York Liberty,Saniya Rivers,27.43,2
Sabrina Ionescu,New York Liberty,Marine Johannes,27.23,12
Sabrina Ionescu,New York Liberty,Pauline Astier,26.79,12
Sabrina Ionescu,New York Liberty,Nyadiew Puoch,24.34,3
Sabrina Ionescu,New York Liberty,Monique Akoa Makani,23.98,2
Sabrina Ionescu,New York Liberty,Diamond Miller,23.96,2
Sabrina Ionescu,New York Liberty,Carla Leite,23.94,2
Sabrina Ionescu,New York Liberty,Emily Engstler,23.53,3
Sabrina Ionescu,New York Liberty,Luisa Geiselsoder,23.11,3
Sabrina Ionescu,New York Liberty,DeWanna Bonner,22.93,2
Sabrina Ionescu,New York Liberty,Olivia Nelson-Ododa,20.58,2
Sabrina Ionescu,New York Liberty,Sarah Ashlee Barker,20.51,3
Sabrina Ionescu,New York Liberty,Noemie Brochant,20.28,2
Sabrina Ionescu,New York Liberty,Kennedy Burke,19.52,2
Sabrina Ionescu,New York Liberty,Betnijah Laney-Hamilton,18.41,10
Sabrina Ionescu,New York Liberty,Charlisse Leger-Walker,17.60,2
Sabrina Ionescu,New York Liberty,Rebekah Gardner,17.26,12
Sabrina Ionescu,New York Liberty,Julie Vanloo,16.23,5
Sabrina Ionescu,New York Liberty,Alex Fowler,15.65,2
Sabrina Ionescu,New York Liberty,Megan Gustafson,15.55,3
Sabrina Ionescu,New York Liberty,Kamiah Smalls,15.09,2
Sabrina Ionescu,New York Liberty,Satou Sabally,14.64,7
Sabrina Ionescu,New York Liberty,Rebecca Allen,14.04,5
Sabrina Ionescu,New York Liberty,Jovana Nogic,13.13,2
Sabrina Ionescu,New York Liberty,Gianna Kneepkens,13.11,2
Sabrina Ionescu,New York Liberty,Han Xu,13.09,12
Sabrina Ionescu,New York Liberty,Haley Jones,12.72,2
Sabrina Ionescu,New York Liberty,Raegan Beers,12.53,2
Sabrina Ionescu,New York Liberty,Kyara Linskens,12.37,2
Sabrina Ionescu,New York Liberty,Frieda Buhner,10.85,2
Sabrina Ionescu,New York Liberty,Serah Williams,7.64,2
Sabrina Ionescu,New York Liberty,Raquel Carrera,7.51,3
Sabrina Ionescu,New York Liberty,Valeriane Ayayi,6.05,2
Sabrina Ionescu,New York Liberty,Marine Fauthoux,5.48,3
Sabrina Ionescu,New York Liberty,Aubrey Griffin,1.93,4
Satou Sabally,New York Liberty,Azzi Fudd,38.52,2
Satou Sabally,New York Liberty,Jessica Shepard,37.44,2
Satou Sabally,New York Liberty,Arike Ogunbowale,34.73,2
Satou Sabally,New York Liberty,Breanna Stewart,34.53,15
Satou Sabally,New York Liberty,Natasha Howard,33.37,2
Satou Sabally,New York Liberty,Kayla McBride,32.83,2
Satou Sabally,New York Liberty,Leonie Fiebich,32.80,4
Satou Sabally,New York Liberty,Sabrina Ionescu,32.73,11
Satou Sabally,New York Liberty,Courtney Williams,30.35,2
Satou Sabally,New York Liberty,Jonquel Jones,29.19,16
Satou Sabally,New York Liberty,Olivia Miles,29.04,2
Satou Sabally,New York Liberty,Bridget Carleton,29.00,2
Satou Sabally,New York Liberty,Nia Coffey,28.08,2
Satou Sabally,New York Liberty,Nyadiew Puoch,26.52,2
Satou Sabally,New York Liberty,Awak Kuier,26.32,2
Satou Sabally,New York Liberty,Pauline Astier,24.12,16
Satou Sabally,New York Liberty,Luisa Geiselsoder,23.50,2
Satou Sabally,New York Liberty,Marine Johannes,22.61,13
Satou Sabally,New York Liberty,Sarah Ashlee Barker,21.58,2
Satou Sabally,New York Liberty,Emily Engstler,21.44,2
Satou Sabally,New York Liberty,Sug Sutton,20.71,2
Satou Sabally,New York Liberty,Marine Fauthoux,20.20,5
Satou Sabally,New York Liberty,Betnijah Laney-Hamilton,18.06,10
Satou Sabally,New York Liberty,Rebekah Gardner,16.77,15
Satou Sabally,New York Liberty,Rebecca Allen,16.46,10
Satou Sabally,New York Liberty,Julie Vanloo,16.31,4
Satou Sabally,New York Liberty,Odyssey Sims,16.27,2
Satou Sabally,New York Liberty,Maya Caldwell,15.13,2
Satou Sabally,New York Liberty,Kamiah Smalls,15.09,2
Satou Sabally,New York Liberty,Megan Gustafson,14.48,2
Satou Sabally,New York Liberty,Han Xu,13.86,16
Satou Sabally,New York Liberty,Haley Jones,12.72,2
Satou Sabally,New York Liberty,Anneli Maley,12.39,2
Satou Sabally,New York Liberty,Frieda Buhner,10.85,2
Satou Sabally,New York Liberty,Antonia Delaere,10.21,2
Satou Sabally,New York Liberty,Aziaha James,8.53,2
Satou Sabally,New York Liberty,Anastasiia Olairi Kosu,7.29,2
Satou Sabally,New York Liberty,Kiana Williams,5.86,2
Satou Sabally,New York Liberty,Raquel Carrera,5.46,11
Satou Sabally,New York Liberty,Aubrey Griffin,1.93,4
Alyssa Thomas,Phoenix Mercury,DeWanna Bonner,33.48,2
Alyssa Thomas,Phoenix Mercury,Noemie Brochant,28.03,2
Alyssa Thomas,Phoenix Mercury,Lexi Held,24.70,2
Alyssa Thomas,Phoenix Mercury,Valeriane Ayayi,15.38,2
Alyssa Thomas,Phoenix Mercury,Marta Suarez,12.95,2
Alyssa Thomas,Phoenix Mercury,Quionche Carter,9.94,2
Alyssa Thomas,Phoenix Mercury,Kyara Linskens,9.81,2
Jovana Nogic,Phoenix Mercury,Kelsey Mitchell,34.83,3
Jovana Nogic,Phoenix Mercury,Aliyah Boston,33.84,3
Jovana Nogic,Phoenix Mercury,Alyssa Thomas,33.83,12
Jovana Nogic,Phoenix Mercury,Leila Lacan,32.34,2
Jovana Nogic,Phoenix Mercury,Kahleah Copper,32.25,13
Jovana Nogic,Phoenix Mercury,Flau'jae Johnson,31.53,2
Jovana Nogic,Phoenix Mercury,DeWanna Bonner,29.23,13
Jovana Nogic,Phoenix Mercury,Charlisse Leger-Walker,28.85,2
Jovana Nogic,Phoenix Mercury,Awa Fam,28.63,2
Jovana Nogic,Phoenix Mercury,Brittney Griner,28.34,2
Jovana Nogic,Phoenix Mercury,Natisha Hiedeman,27.71,2
Jovana Nogic,Phoenix Mercury,Diamond Miller,26.38,2
Jovana Nogic,Phoenix Mercury,Sophie Cunningham,24.98,3
Jovana Nogic,Phoenix Mercury,Caitlin Clark,24.39,2
Jovana Nogic,Phoenix Mercury,Olivia Nelson-Ododa,23.62,2
Jovana Nogic,Phoenix Mercury,Noemie Brochant,23.36,12
Jovana Nogic,Phoenix Mercury,Kennedy Burke,23.13,2
Jovana Nogic,Phoenix Mercury,Valeriane Ayayi,23.01,13
Jovana Nogic,Phoenix Mercury,Monique Akoa Makani,22.02,9
Jovana Nogic,Phoenix Mercury,Dominique Malonga,21.88,2
Jovana Nogic,Phoenix Mercury,Monique Billings,21.14,3
Jovana Nogic,Phoenix Mercury,Lexi Held,20.55,13
Jovana Nogic,Phoenix Mercury,Raven Johnson,19.83,3
Jovana Nogic,Phoenix Mercury,Lexie Hull,19.76,3
Jovana Nogic,Phoenix Mercury,Natasha Mack,19.38,5
Jovana Nogic,Phoenix Mercury,Jade Melbourne,18.42,2
Jovana Nogic,Phoenix Mercury,Katie Lou Samuelson,17.50,2
Jovana Nogic,Phoenix Mercury,Stefanie Dolson,16.64,2
Jovana Nogic,Phoenix Mercury,Aaliyah Edwards,14.21,2
Jovana Nogic,Phoenix Mercury,Myisha Hines-Allen,14.05,3
Jovana Nogic,Phoenix Mercury,Sami Whitcomb,14.05,6
Jovana Nogic,Phoenix Mercury,Tyasha Harris,12.65,2
Jovana Nogic,Phoenix Mercury,Kyara Linskens,11.22,5
Jovana Nogic,Phoenix Mercury,Zia Cooke,11.10,2
Jovana Nogic,Phoenix Mercury,Makayla Timpson,9.77,2
Jovana Nogic,Phoenix Mercury,Marta Suarez,9.21,8
Jovana Nogic,Phoenix Mercury,Nell Angloma,7.66,2
Jovana Nogic,Phoenix Mercury,Quionche Carter,5.95,5
Jovana Nogic,Phoenix Mercury,Shay Ciezki,4.73,2
Jovana Nogic,Phoenix Mercury,Taylor Thierry,4.55,2
Jovana Nogic,Phoenix Mercury,Raegan Beers,3.83,2
Jovana Nogic,Phoenix Mercury,Mackenzie Holmes,3.17,2
Jovana Nogic,Phoenix Mercury,Gianna Kneepkens,2.84,2
Kiana Williams,Phoenix Mercury,Veronica Burton,35.48,2
Kiana Williams,Phoenix Mercury,Kelsey Mitchell,34.83,3
Kiana Williams,Phoenix Mercury,Aliyah Boston,33.84,3
Kiana Williams,Phoenix Mercury,Alyssa Thomas,33.69,18
Kiana Williams,Phoenix Mercury,Leila Lacan,32.34,2
Kiana Williams,Phoenix Mercury,Kahleah Copper,32.15,19
Kiana Williams,Phoenix Mercury,Courtney Williams,31.98,2
Kiana Williams,Phoenix Mercury,Jackie Young,31.16,2
Kiana Williams,Phoenix Mercury,Chelsea Gray,31.15,2
Kiana Williams,Phoenix Mercury,A'ja Wilson,30.79,2
Kiana Williams,Phoenix Mercury,Flau'jae Johnson,30.65,3
Kiana Williams,Phoenix Mercury,Awa Fam,29.97,3
Kiana Williams,Phoenix Mercury,Kayla Thornton,29.68,2
Kiana Williams,Phoenix Mercury,Olivia Miles,29.38,2
Kiana Williams,Phoenix Mercury,Natasha Howard,28.94,2
Kiana Williams,Phoenix Mercury,Charlisse Leger-Walker,28.85,2
Kiana Williams,Phoenix Mercury,Kayla McBride,28.74,2
Kiana Williams,Phoenix Mercury,Natisha Hiedeman,28.36,3
Kiana Williams,Phoenix Mercury,Brittney Griner,28.34,2
Kiana Williams,Phoenix Mercury,DeWanna Bonner,26.58,20
Kiana Williams,Phoenix Mercury,Diamond Miller,26.38,2
Kiana Williams,Phoenix Mercury,Jewell Loyd,26.24,2
Kiana Williams,Phoenix Mercury,Nia Coffey,25.99,2
Kiana Williams,Phoenix Mercury,Sophie Cunningham,24.98,3
Kiana Williams,Phoenix Mercury,Janelle Salaun,24.59,2
Kiana Williams,Phoenix Mercury,Caitlin Clark,24.39,2
Kiana Williams,Phoenix Mercury,Kaila Charles,24.31,2
Kiana Williams,Phoenix Mercury,NaLyssa Smith,24.22,2
Kiana Williams,Phoenix Mercury,Monique Akoa Makani,24.10,16
Kiana Williams,Phoenix Mercury,Natasha Mack,24.03,12
Kiana Williams,Phoenix Mercury,Olivia Nelson-Ododa,23.62,2
Kiana Williams,Phoenix Mercury,Noemie Brochant,23.54,19
Kiana Williams,Phoenix Mercury,Kennedy Burke,23.13,2
Kiana Williams,Phoenix Mercury,Dominique Malonga,21.88,2
Kiana Williams,Phoenix Mercury,Stephanie Talbot,21.77,2
Kiana Williams,Phoenix Mercury,Monique Billings,21.14,3
Kiana Williams,Phoenix Mercury,Jordan Horston,20.67,2
Kiana Williams,Phoenix Mercury,Lexi Held,20.09,19
Kiana Williams,Phoenix Mercury,Cecilia Zandalasini,20.01,2
Kiana Williams,Phoenix Mercury,Raven Johnson,19.83,3
Kiana Williams,Phoenix Mercury,Lexie Hull,19.76,3
Kiana Williams,Phoenix Mercury,Stefanie Dolson,19.41,3
Kiana Williams,Phoenix Mercury,Kiah Stokes,19.09,2
Kiana Williams,Phoenix Mercury,Valeriane Ayayi,18.78,17
Kiana Williams,Phoenix Mercury,Tiffany Hayes,18.10,2
Kiana Williams,Phoenix Mercury,Katie Lou Samuelson,17.37,3
Kiana Williams,Phoenix Mercury,Antonia Delaere,17.17,2
Kiana Williams,Phoenix Mercury,Jade Melbourne,16.61,3
Kiana Williams,Phoenix Mercury,Jovana Nogic,16.50,8
Kiana Williams,Phoenix Mercury,Aaliyah Edwards,14.21,2
Kiana Williams,Phoenix Mercury,Myisha Hines-Allen,14.05,3
Kiana Williams,Phoenix Mercury,Sami Whitcomb,13.34,5
Kiana Williams,Phoenix Mercury,Anastasiia Olairi Kosu,13.03,2
Kiana Williams,Phoenix Mercury,Tyasha Harris,12.65,2
Kiana Williams,Phoenix Mercury,Maya Caldwell,12.38,2
Kiana Williams,Phoenix Mercury,Zia Cooke,12.20,3
Kiana Williams,Phoenix Mercury,Kyara Linskens,11.00,9
Kiana Williams,Phoenix Mercury,Kierstan Bell,10.78,2
Kiana Williams,Phoenix Mercury,Brianna Turner,9.83,2
Kiana Williams,Phoenix Mercury,Makayla Timpson,9.77,2
Kiana Williams,Phoenix Mercury,Marta Suarez,9.37,9
Kiana Williams,Phoenix Mercury,Cheyenne Parker-Tyus,9.08,2
Kiana Williams,Phoenix Mercury,Mackenzie Holmes,8.39,3
Kiana Williams,Phoenix Mercury,Nell Angloma,7.66,2
Kiana Williams,Phoenix Mercury,Kaitlyn Chen,7.46,2
Kiana Williams,Phoenix Mercury,Quionche Carter,6.23,10
Kiana Williams,Phoenix Mercury,Shay Ciezki,4.73,2
Kiana Williams,Phoenix Mercury,Taylor Thierry,4.55,2
Kiana Williams,Phoenix Mercury,Raegan Beers,3.83,2
Kiana Williams,Phoenix Mercury,Gianna Kneepkens,2.84,2
Kyara Linskens,Phoenix Mercury,Kelsey Mitchell,36.27,2
Kyara Linskens,Phoenix Mercury,Aliyah Boston,36.09,2
Kyara Linskens,Phoenix Mercury,Veronica Burton,35.48,2
Kyara Linskens,Phoenix Mercury,Kelsey Plum,35.33,2
Kyara Linskens,Phoenix Mercury,Alyssa Thomas,34.91,13
Kyara Linskens,Phoenix Mercury,Nneka Ogwumike,32.58,3
Kyara Linskens,Phoenix Mercury,Kahleah Copper,32.37,13
Kyara Linskens,Phoenix Mercury,Leila Lacan,32.34,2
Kyara Linskens,Phoenix Mercury,Dearica Hamby,29.69,3
Kyara Linskens,Phoenix Mercury,Kayla Thornton,29.68,2
Kyara Linskens,Phoenix Mercury,Ariel Atkins,29.48,3
Kyara Linskens,Phoenix Mercury,Charlisse Leger-Walker,28.85,2
Kyara Linskens,Phoenix Mercury,Brittney Griner,28.34,2
Kyara Linskens,Phoenix Mercury,DeWanna Bonner,27.68,13
Kyara Linskens,Phoenix Mercury,Rae Burrell,27.29,3
Kyara Linskens,Phoenix Mercury,Erica Wheeler,27.11,3
Kyara Linskens,Phoenix Mercury,Diamond Miller,26.38,2
Kyara Linskens,Phoenix Mercury,Monique Akoa Makani,24.95,11
Kyara Linskens,Phoenix Mercury,Janelle Salaun,24.59,2
Kyara Linskens,Phoenix Mercury,Kaila Charles,24.31,2
Kyara Linskens,Phoenix Mercury,Sophie Cunningham,24.27,2
Kyara Linskens,Phoenix Mercury,Olivia Nelson-Ododa,23.62,2
Kyara Linskens,Phoenix Mercury,Natasha Mack,23.53,8
Kyara Linskens,Phoenix Mercury,Kennedy Burke,23.13,2
Kyara Linskens,Phoenix Mercury,Noemie Brochant,22.25,13
Kyara Linskens,Phoenix Mercury,Lexie Hull,21.13,2
Kyara Linskens,Phoenix Mercury,Raven Johnson,20.73,2
Kyara Linskens,Phoenix Mercury,Cecilia Zandalasini,20.01,2
Kyara Linskens,Phoenix Mercury,Cameron Brink,19.81,3
Kyara Linskens,Phoenix Mercury,Kiah Stokes,19.09,2
Kyara Linskens,Phoenix Mercury,Valeriane Ayayi,18.45,10
Kyara Linskens,Phoenix Mercury,Tiffany Hayes,18.10,2
Kyara Linskens,Phoenix Mercury,Monique Billings,17.48,2
Kyara Linskens,Phoenix Mercury,Lexi Held,17.30,12
Kyara Linskens,Phoenix Mercury,Jovana Nogic,16.36,5
Kyara Linskens,Phoenix Mercury,Aaliyah Edwards,14.21,2
Kyara Linskens,Phoenix Mercury,Sami Whitcomb,14.05,6
Kyara Linskens,Phoenix Mercury,Myisha Hines-Allen,13.98,2
Kyara Linskens,Phoenix Mercury,Tyasha Harris,12.65,2
Kyara Linskens,Phoenix Mercury,Kiana Williams,9.15,2
Kyara Linskens,Phoenix Mercury,Marta Suarez,8.88,6
Kyara Linskens,Phoenix Mercury,Nell Angloma,7.66,2
Kyara Linskens,Phoenix Mercury,Kaitlyn Chen,7.46,2
Kyara Linskens,Phoenix Mercury,Chance Gray,7.31,3
Kyara Linskens,Phoenix Mercury,Jihyun Park,6.92,3
Kyara Linskens,Phoenix Mercury,Raegan Beers,3.83,2
Kyara Linskens,Phoenix Mercury,Quionche Carter,3.16,5
Kyara Linskens,Phoenix Mercury,Gianna Kneepkens,2.84,2
Kyara Linskens,Phoenix Mercury,Kate Martin,2.31,3
Lexi Held,Phoenix Mercury,Kahleah Copper,33.89,8
Lexi Held,Phoenix Mercury,Alyssa Thomas,33.86,8
Lexi Held,Phoenix Mercury,Breanna Stewart,31.79,2
Lexi Held,Phoenix Mercury,Leonie Fiebich,31.18,2
Lexi Held,Phoenix Mercury,Jonquel Jones,30.67,2
Lexi Held,Phoenix Mercury,DeWanna Bonner,27.10,8
Lexi Held,Phoenix Mercury,Pauline Astier,26.85,2
Lexi Held,Phoenix Mercury,Natasha Mack,26.41,8
Lexi Held,Phoenix Mercury,Monique Akoa Makani,23.98,2
Lexi Held,Phoenix Mercury,Marine Johannes,21.86,2
Lexi Held,Phoenix Mercury,Jovana Nogic,21.66,8
Lexi Held,Phoenix Mercury,Noemie Brochant,17.88,8
Lexi Held,Phoenix Mercury,Rebekah Gardner,16.35,2
Lexi Held,Phoenix Mercury,Betnijah Laney-Hamilton,14.05,2
Lexi Held,Phoenix Mercury,Han Xu,13.80,2
Lexi Held,Phoenix Mercury,Kiana Williams,13.20,7
Lexi Held,Phoenix Mercury,Kyara Linskens,10.86,7
Lexi Held,Phoenix Mercury,Marta Suarez,9.63,2
Lexi Held,Phoenix Mercury,Valeriane Ayayi,9.55,5
Lexi Held,Phoenix Mercury,Rebecca Allen,7.64,2
Lexi Held,Phoenix Mercury,Quionche Carter,6.11,3
Lexi Held,Phoenix Mercury,Anneli Maley,3.04,2
Monique Akoa Makani,Phoenix Mercury,Maria Conde,35.26,2
Monique Akoa Makani,Phoenix Mercury,Kelsey Mitchell,34.83,2
Monique Akoa Makani,Phoenix Mercury,Alyssa Thomas,33.75,10
Monique Akoa Makani,Phoenix Mercury,Kahleah Copper,32.47,11
Monique Akoa Makani,Phoenix Mercury,Aliyah Boston,32.02,2
Monique Akoa Makani,Phoenix Mercury,DeWanna Bonner,28.82,11
Monique Akoa Makani,Phoenix Mercury,Jovana Nogic,25.22,7
Monique Akoa Makani,Phoenix Mercury,Caitlin Clark,24.39,2
Monique Akoa Makani,Phoenix Mercury,Natasha Mack,24.21,9
Monique Akoa Makani,Phoenix Mercury,Monique Billings,24.19,2
Monique Akoa Makani,Phoenix Mercury,Sophie Cunningham,23.18,2
Monique Akoa Makani,Phoenix Mercury,Lexi Held,23.13,5
Monique Akoa Makani,Phoenix Mercury,Noemie Brochant,22.42,11
Monique Akoa Makani,Phoenix Mercury,Lexie Hull,20.75,2
Monique Akoa Makani,Phoenix Mercury,Raven Johnson,18.39,2
Monique Akoa Makani,Phoenix Mercury,Valeriane Ayayi,18.10,8
Monique Akoa Makani,Phoenix Mercury,Myisha Hines-Allen,17.76,2
Monique Akoa Makani,Phoenix Mercury,Kia Nurse,17.12,2
Monique Akoa Makani,Phoenix Mercury,Laura Juskaite,16.94,2
Monique Akoa Makani,Phoenix Mercury,Kiana Williams,13.97,7
Monique Akoa Makani,Phoenix Mercury,Marta Suarez,11.03,4
Monique Akoa Makani,Phoenix Mercury,Kyara Linskens,10.61,9
Monique Akoa Makani,Phoenix Mercury,Quionche Carter,5.23,7
Monique Akoa Makani,Phoenix Mercury,Shay Ciezki,4.73,2
Monique Akoa Makani,Phoenix Mercury,Anneli Maley,3.04,2
Natasha Mack,Phoenix Mercury,Kelsey Mitchell,36.27,2
Natasha Mack,Phoenix Mercury,Aliyah Boston,36.09,2
Natasha Mack,Phoenix Mercury,Alyssa Thomas,33.66,7
Natasha Mack,Phoenix Mercury,Kahleah Copper,32.90,8
Natasha Mack,Phoenix Mercury,DeWanna Bonner,30.05,8
Natasha Mack,Phoenix Mercury,Valeriane Ayayi,25.88,8
Natasha Mack,Phoenix Mercury,Sophie Cunningham,24.27,2
Natasha Mack,Phoenix Mercury,Lexi Held,22.56,8
Natasha Mack,Phoenix Mercury,Noemie Brochant,22.50,7
Natasha Mack,Phoenix Mercury,Monique Akoa Makani,21.25,6
Natasha Mack,Phoenix Mercury,Lexie Hull,21.13,2
Natasha Mack,Phoenix Mercury,Raven Johnson,20.73,2
Natasha Mack,Phoenix Mercury,Monique Billings,17.48,2
Natasha Mack,Phoenix Mercury,Myisha Hines-Allen,13.98,2
Natasha Mack,Phoenix Mercury,Sami Whitcomb,13.45,4
Natasha Mack,Phoenix Mercury,Tyasha Harris,12.65,2
Natasha Mack,Phoenix Mercury,Kyara Linskens,9.61,3
Natasha Mack,Phoenix Mercury,Marta Suarez,9.21,8
Natasha Mack,Phoenix Mercury,Quionche Carter,8.07,3
Sami Whitcomb,Phoenix Mercury,Kelsey Plum,35.33,2
Sami Whitcomb,Phoenix Mercury,Maria Conde,35.26,2
Sami Whitcomb,Phoenix Mercury,Kelsey Mitchell,34.83,2
Sami Whitcomb,Phoenix Mercury,Veronica Burton,34.73,2
Sami Whitcomb,Phoenix Mercury,Nneka Ogwumike,33.73,2
Sami Whitcomb,Phoenix Mercury,Alyssa Thomas,33.53,21
Sami Whitcomb,Phoenix Mercury,Kahleah Copper,32.67,22
Sami Whitcomb,Phoenix Mercury,Kayla Thornton,32.57,2
Sami Whitcomb,Phoenix Mercury,Aliyah Boston,32.02,2
Sami Whitcomb,Phoenix Mercury,Breanna Stewart,31.79,2
Sami Whitcomb,Phoenix Mercury,Jackie Young,31.58,2
Sami Whitcomb,Phoenix Mercury,Leonie Fiebich,31.18,2
Sami Whitcomb,Phoenix Mercury,Gabby Williams,31.05,2
Sami Whitcomb,Phoenix Mercury,Jonquel Jones,30.67,2
Sami Whitcomb,Phoenix Mercury,Flau'jae Johnson,30.65,3
Sami Whitcomb,Phoenix Mercury,A'ja Wilson,30.33,2
Sami Whitcomb,Phoenix Mercury,Awa Fam,29.97,3
Sami Whitcomb,Phoenix Mercury,Courtney Williams,29.38,2
Sami Whitcomb,Phoenix Mercury,Dearica Hamby,28.98,2
Sami Whitcomb,Phoenix Mercury,Chelsea Gray,28.52,2
Sami Whitcomb,Phoenix Mercury,Natisha Hiedeman,28.36,3
Sami Whitcomb,Phoenix Mercury,Ariel Atkins,27.67,2
Sami Whitcomb,Phoenix Mercury,Natasha Cloud,27.52,2
Sami Whitcomb,Phoenix Mercury,Kayla McBride,27.50,2
Sami Whitcomb,Phoenix Mercury,Erica Wheeler,27.49,2
Sami Whitcomb,Phoenix Mercury,Olivia Miles,26.96,2
Sami Whitcomb,Phoenix Mercury,Pauline Astier,26.85,2
Sami Whitcomb,Phoenix Mercury,DeWanna Bonner,26.57,23
Sami Whitcomb,Phoenix Mercury,Kaila Charles,26.37,2
Sami Whitcomb,Phoenix Mercury,Natasha Howard,26.02,2
Sami Whitcomb,Phoenix Mercury,NaLyssa Smith,25.86,2
Sami Whitcomb,Phoenix Mercury,Janelle Salaun,25.73,2
Sami Whitcomb,Phoenix Mercury,Kamilla Cardoso,25.07,2
Sami Whitcomb,Phoenix Mercury,Natasha Mack,24.83,19
Sami Whitcomb,Phoenix Mercury,Monique Akoa Makani,24.52,12
Sami Whitcomb,Phoenix Mercury,Caitlin Clark,24.39,2
Sami Whitcomb,Phoenix Mercury,Monique Billings,24.19,2
Sami Whitcomb,Phoenix Mercury,Rae Burrell,24.17,2
Sami Whitcomb,Phoenix Mercury,Jewell Loyd,24.12,2
Sami Whitcomb,Phoenix Mercury,Gabriela Jaquez,23.58,2
Sami Whitcomb,Phoenix Mercury,Sophie Cunningham,23.18,2
Sami Whitcomb,Phoenix Mercury,Noemie Brochant,22.57,22
Sami Whitcomb,Phoenix Mercury,Dominique Malonga,21.88,2
Sami Whitcomb,Phoenix Mercury,Marine Johannes,21.86,2
Sami Whitcomb,Phoenix Mercury,Jacy Sheldon,21.48,2
Sami Whitcomb,Phoenix Mercury,Nia Coffey,21.43,2
Sami Whitcomb,Phoenix Mercury,Antonia Delaere,21.33,2
Sami Whitcomb,Phoenix Mercury,Lexi Held,21.11,15
Sami Whitcomb,Phoenix Mercury,Lexie Hull,20.75,2
Sami Whitcomb,Phoenix Mercury,Jordan Horston,20.67,2
Sami Whitcomb,Phoenix Mercury,Cameron Brink,20.41,2
Sami Whitcomb,Phoenix Mercury,Jovana Nogic,20.16,16
Sami Whitcomb,Phoenix Mercury,Stephanie Talbot,19.56,2
Sami Whitcomb,Phoenix Mercury,Stefanie Dolson,19.41,3
Sami Whitcomb,Phoenix Mercury,Raven Johnson,18.39,2
Sami Whitcomb,Phoenix Mercury,Myisha Hines-Allen,17.76,2
Sami Whitcomb,Phoenix Mercury,Katie Lou Samuelson,17.37,3
Sami Whitcomb,Phoenix Mercury,Kia Nurse,17.12,2
Sami Whitcomb,Phoenix Mercury,Laura Juskaite,16.94,2
Sami Whitcomb,Phoenix Mercury,Jade Melbourne,16.61,3
Sami Whitcomb,Phoenix Mercury,Kiah Stokes,16.40,2
Sami Whitcomb,Phoenix Mercury,Rebekah Gardner,16.35,2
Sami Whitcomb,Phoenix Mercury,Valeriane Ayayi,15.08,17
Sami Whitcomb,Phoenix Mercury,Elizabeth Williams,14.90,2
Sami Whitcomb,Phoenix Mercury,Sydney Taylor,14.76,2
Sami Whitcomb,Phoenix Mercury,Aicha Coulibaly,14.66,2
Sami Whitcomb,Phoenix Mercury,Betnijah Laney-Hamilton,14.05,2
Sami Whitcomb,Phoenix Mercury,Rachel Banham,13.89,2
Sami Whitcomb,Phoenix Mercury,Han Xu,13.80,2
Sami Whitcomb,Phoenix Mercury,Anastasiia Olairi Kosu,13.45,2
Sami Whitcomb,Phoenix Mercury,Kiana Williams,13.09,8
Sami Whitcomb,Phoenix Mercury,Maya Caldwell,12.72,2
Sami Whitcomb,Phoenix Mercury,Zia Cooke,12.20,3
Sami Whitcomb,Phoenix Mercury,Kierstan Bell,11.83,2
Sami Whitcomb,Phoenix Mercury,Brianna Turner,10.57,2
Sami Whitcomb,Phoenix Mercury,Kyara Linskens,10.37,16
Sami Whitcomb,Phoenix Mercury,Marta Suarez,9.85,7
Sami Whitcomb,Phoenix Mercury,Mackenzie Holmes,8.39,3
Sami Whitcomb,Phoenix Mercury,Cheyenne Parker-Tyus,7.98,2
Sami Whitcomb,Phoenix Mercury,Rebecca Allen,7.64,2
Sami Whitcomb,Phoenix Mercury,Jihyun Park,7.25,2
Sami Whitcomb,Phoenix Mercury,Quionche Carter,6.20,13
Sami Whitcomb,Phoenix Mercury,Kaitlyn Chen,5.97,2
Sami Whitcomb,Phoenix Mercury,Chance Gray,5.04,2
Sami Whitcomb,Phoenix Mercury,Shay Ciezki,4.73,2
Sami Whitcomb,Phoenix Mercury,Taylor Thierry,4.55,2
Sami Whitcomb,Phoenix Mercury,Anneli Maley,3.04,2
Sami Whitcomb,Phoenix Mercury,Kate Martin,2.43,2
Valeriane Ayayi,Phoenix Mercury,Veronica Burton,34.73,2
Valeriane Ayayi,Phoenix Mercury,Alyssa Thomas,34.16,6
Valeriane Ayayi,Phoenix Mercury,Kayla Thornton,32.57,2
Valeriane Ayayi,Phoenix Mercury,Kahleah Copper,31.19,6
Valeriane Ayayi,Phoenix Mercury,Gabby Williams,31.05,2
Valeriane Ayayi,Phoenix Mercury,Monique Akoa Makani,26.61,3
Valeriane Ayayi,Phoenix Mercury,Kaila Charles,26.37,2
Valeriane Ayayi,Phoenix Mercury,Janelle Salaun,25.73,2
Valeriane Ayayi,Phoenix Mercury,Natasha Mack,25.31,6
Valeriane Ayayi,Phoenix Mercury,DeWanna Bonner,24.89,6
Valeriane Ayayi,Phoenix Mercury,Noemie Brochant,23.09,6
Valeriane Ayayi,Phoenix Mercury,Lexi Held,22.35,3
Valeriane Ayayi,Phoenix Mercury,Jovana Nogic,18.23,6
Valeriane Ayayi,Phoenix Mercury,Kiana Williams,17.34,3
Valeriane Ayayi,Phoenix Mercury,Kiah Stokes,16.40,2
Valeriane Ayayi,Phoenix Mercury,Kyara Linskens,10.37,3
Valeriane Ayayi,Phoenix Mercury,Quionche Carter,6.32,5
Valeriane Ayayi,Phoenix Mercury,Kaitlyn Chen,5.97,2
Valeriane Ayayi,Phoenix Mercury,Anneli Maley,3.04,2
Carla Leite,Portland Fire,Bridget Carleton,29.19,2
Carla Leite,Portland Fire,Nyadiew Puoch,25.88,2
Carla Leite,Portland Fire,Emily Engstler,23.42,2
Carla Leite,Portland Fire,Luisa Geiselsoder,23.23,2
Carla Leite,Portland Fire,Sug Sutton,22.15,2
Carla Leite,Portland Fire,Sarah Ashlee Barker,21.18,2
Carla Leite,Portland Fire,Haley Jones,13.23,2
Carla Leite,Portland Fire,Megan Gustafson,10.93,2
Carla Leite,Portland Fire,Serah Williams,8.23,2
Frieda Buhner,Portland Fire,Bridget Carleton,29.45,3
Frieda Buhner,Portland Fire,Emily Engstler,25.52,3
Frieda Buhner,Portland Fire,Sug Sutton,24.37,2
Frieda Buhner,Portland Fire,Luisa Geiselsoder,22.88,3
Frieda Buhner,Portland Fire,Nyadiew Puoch,20.47,3
Frieda Buhner,Portland Fire,Sarah Ashlee Barker,19.44,3
Frieda Buhner,Portland Fire,Carla Leite,17.98,2
Frieda Buhner,Portland Fire,Megan Gustafson,14.57,3
Frieda Buhner,Portland Fire,Serah Williams,13.41,3
Frieda Buhner,Portland Fire,Haley Jones,12.33,2
Frieda Buhner,Portland Fire,Holly Winterburn,11.32,2
Haley Jones,Portland Fire,Sonia Citron,40.91,2
Haley Jones,Portland Fire,Shakira Austin,40.31,2
Haley Jones,Portland Fire,Michaela Onyenwere,37.68,2
Haley Jones,Portland Fire,Naz Hillmon,36.19,2
Haley Jones,Portland Fire,Kiki Iriafen,35.91,2
Haley Jones,Portland Fire,Jessica Shepard,34.91,2
Haley Jones,Portland Fire,Arike Ogunbowale,34.88,2
Haley Jones,Portland Fire,Chelsea Gray,34.42,3
Haley Jones,Portland Fire,Natisha Hiedeman,33.53,2
Haley Jones,Portland Fire,Rhyne Howard,32.39,2
Haley Jones,Portland Fire,Azzi Fudd,32.17,2
Haley Jones,Portland Fire,A'ja Wilson,32.03,3
Haley Jones,Portland Fire,Awa Fam,31.78,2
Haley Jones,Portland Fire,Jackie Young,31.46,3
Haley Jones,Portland Fire,Jordin Canada,31.07,2
Haley Jones,Portland Fire,Bridget Carleton,30.51,22
Haley Jones,Portland Fire,Allisha Gray,30.47,2
Haley Jones,Portland Fire,Charlisse Leger-Walker,30.38,2
Haley Jones,Portland Fire,Kayla McBride,28.70,2
Haley Jones,Portland Fire,Olivia Miles,28.35,2
Haley Jones,Portland Fire,Courtney Williams,28.10,2
Haley Jones,Portland Fire,Azura Stevens,27.63,2
Haley Jones,Portland Fire,NaLyssa Smith,26.88,2
Haley Jones,Portland Fire,Dominique Malonga,26.57,2
Haley Jones,Portland Fire,Flau'jae Johnson,26.45,2
Haley Jones,Portland Fire,Jewell Loyd,26.31,3
Haley Jones,Portland Fire,Carla Leite,26.13,23
Haley Jones,Portland Fire,Diamond Miller,26.08,2
Haley Jones,Portland Fire,Alicia Florez,25.72,2
Haley Jones,Portland Fire,Natasha Howard,25.70,2
Haley Jones,Portland Fire,Megan DiLeo,25.69,2
Haley Jones,Portland Fire,Sarah Ashlee Barker,25.50,21
Haley Jones,Portland Fire,Kamilla Cardoso,25.38,2
Haley Jones,Portland Fire,Megan Gustafson,25.29,19
Haley Jones,Portland Fire,Jade Melbourne,24.19,2
Haley Jones,Portland Fire,Emily Engstler,23.97,23
Haley Jones,Portland Fire,Skylar Diggins,23.81,2
Haley Jones,Portland Fire,Gabriela Jaquez,23.64,2
Haley Jones,Portland Fire,Olivia Nelson-Ododa,23.40,2
Haley Jones,Portland Fire,Sydney Taylor,22.20,2
Haley Jones,Portland Fire,Aziaha James,20.62,2
Haley Jones,Portland Fire,Nia Coffey,20.40,2
Haley Jones,Portland Fire,Maddy Siegrist,19.87,2
Haley Jones,Portland Fire,Zia Cooke,19.61,2
Haley Jones,Portland Fire,Antonia Delaere,19.42,2
Haley Jones,Portland Fire,Natasha Cloud,19.41,2
Haley Jones,Portland Fire,Jacy Sheldon,18.73,2
Haley Jones,Portland Fire,Awak Kuier,18.70,2
Haley Jones,Portland Fire,Stephanie Talbot,18.63,3
Haley Jones,Portland Fire,Anastasiia Olairi Kosu,16.37,2
Haley Jones,Portland Fire,Cotie McMahon,16.35,2
Haley Jones,Portland Fire,Kennedy Burke,15.95,2
Haley Jones,Portland Fire,Brianna Turner,15.94,3
Haley Jones,Portland Fire,Elizabeth Williams,15.92,2
Haley Jones,Portland Fire,Frieda Buhner,15.51,22
Haley Jones,Portland Fire,Nyadiew Puoch,15.42,22
Haley Jones,Portland Fire,Madina Okot,14.60,2
Haley Jones,Portland Fire,Katie Lou Samuelson,14.48,2
Haley Jones,Portland Fire,Aaliyah Edwards,14.45,2
Haley Jones,Portland Fire,Karlie Samuelson,14.42,16
Haley Jones,Portland Fire,Luisa Geiselsoder,14.32,16
Haley Jones,Portland Fire,Lexi Held,14.00,2
Haley Jones,Portland Fire,Isobel Borlase,13.95,2
Haley Jones,Portland Fire,Georgia Amoore,13.59,2
Haley Jones,Portland Fire,Teja Oblak,13.21,22
Haley Jones,Portland Fire,Lauren Betts,12.60,2
Haley Jones,Portland Fire,Serah Williams,12.47,20
Haley Jones,Portland Fire,Maya Caldwell,11.65,2
Haley Jones,Portland Fire,Sika Kone,11.29,2
Haley Jones,Portland Fire,Te-Hina Paopao,10.21,2
Haley Jones,Portland Fire,Raegan Beers,10.03,2
Haley Jones,Portland Fire,Jordan Harrison,9.93,3
Haley Jones,Portland Fire,Stefanie Dolson,9.29,2
Haley Jones,Portland Fire,Angela Dugalic,9.18,2
Haley Jones,Portland Fire,Rachel Banham,8.74,2
Haley Jones,Portland Fire,Lucy Olsen,8.16,2
Haley Jones,Portland Fire,Holly Winterburn,7.60,13
Haley Jones,Portland Fire,Nell Angloma,7.27,2
Haley Jones,Portland Fire,Cheyenne Parker-Tyus,6.58,2
Haley Jones,Portland Fire,Eliska Hamzova,6.44,2
Haley Jones,Portland Fire,Indya Nivar,2.36,2
Haley Jones,Portland Fire,Aaliyah Nye,1.60,2
Karlie Samuelson,Portland Fire,Breanna Stewart,33.13,2
Karlie Samuelson,Portland Fire,Bridget Carleton,31.35,12
Karlie Samuelson,Portland Fire,Kelsey Mitchell,30.67,2
Karlie Samuelson,Portland Fire,Marine Johannes,30.65,2
Karlie Samuelson,Portland Fire,Jonquel Jones,30.42,2
Karlie Samuelson,Portland Fire,Kayla McBride,28.70,2
Karlie Samuelson,Portland Fire,Olivia Miles,28.35,2
Karlie Samuelson,Portland Fire,Courtney Williams,28.10,2
Karlie Samuelson,Portland Fire,Gabriela Jaquez,28.06,2
Karlie Samuelson,Portland Fire,Skylar Diggins,27.75,2
Karlie Samuelson,Portland Fire,Pauline Astier,26.04,2
Karlie Samuelson,Portland Fire,Sarah Ashlee Barker,26.00,12
Karlie Samuelson,Portland Fire,Carla Leite,25.98,10
Karlie Samuelson,Portland Fire,Natasha Howard,25.70,2
Karlie Samuelson,Portland Fire,Jacy Sheldon,24.73,2
Karlie Samuelson,Portland Fire,Emily Engstler,24.36,12
Karlie Samuelson,Portland Fire,Kamilla Cardoso,24.20,2
Karlie Samuelson,Portland Fire,Aliyah Boston,23.46,2
Karlie Samuelson,Portland Fire,Sug Sutton,22.82,3
Karlie Samuelson,Portland Fire,Makayla Timpson,22.13,2
Karlie Samuelson,Portland Fire,Megan Gustafson,21.50,11
Karlie Samuelson,Portland Fire,Rebekah Gardner,21.11,2
Karlie Samuelson,Portland Fire,Sophie Cunningham,20.83,2
Karlie Samuelson,Portland Fire,Betnijah Laney-Hamilton,20.80,2
Karlie Samuelson,Portland Fire,Tyasha Harris,20.72,2
Karlie Samuelson,Portland Fire,Nia Coffey,20.40,2
Karlie Samuelson,Portland Fire,Luisa Geiselsoder,19.56,9
Karlie Samuelson,Portland Fire,Antonia Delaere,19.42,2
Karlie Samuelson,Portland Fire,Nyadiew Puoch,18.97,12
Karlie Samuelson,Portland Fire,Lexie Hull,18.69,2
Karlie Samuelson,Portland Fire,Myisha Hines-Allen,18.03,2
Karlie Samuelson,Portland Fire,Elizabeth Williams,17.09,2
Karlie Samuelson,Portland Fire,Anastasiia Olairi Kosu,16.37,2
Karlie Samuelson,Portland Fire,Frieda Buhner,16.00,10
Karlie Samuelson,Portland Fire,Raven Johnson,15.96,2
Karlie Samuelson,Portland Fire,Kamiah Smalls,15.09,2
Karlie Samuelson,Portland Fire,Julie Vanloo,14.94,2
Karlie Samuelson,Portland Fire,Monique Billings,14.26,2
Karlie Samuelson,Portland Fire,Sydney Taylor,13.65,2
Karlie Samuelson,Portland Fire,Rachel Banham,13.43,2
Karlie Samuelson,Portland Fire,Serah Williams,12.82,10
Karlie Samuelson,Portland Fire,Teja Oblak,12.69,7
Karlie Samuelson,Portland Fire,Maya Caldwell,11.65,2
Karlie Samuelson,Portland Fire,Haley Jones,11.32,5
Karlie Samuelson,Portland Fire,Jordan Harrison,10.32,4
Karlie Samuelson,Portland Fire,Holly Winterburn,6.56,7
Karlie Samuelson,Portland Fire,Eliska Hamzova,6.44,2
Karlie Samuelson,Portland Fire,Han Xu,6.42,2
Karlie Samuelson,Portland Fire,Aubrey Griffin,1.15,2
Luisa Geiselsoder,Portland Fire,Bridget Carleton,33.72,7
Luisa Geiselsoder,Portland Fire,Natisha Hiedeman,33.53,2
Luisa Geiselsoder,Portland Fire,Awa Fam,31.78,2
Luisa Geiselsoder,Portland Fire,Megan Gustafson,31.33,6
Luisa Geiselsoder,Portland Fire,Carla Leite,30.19,7
Luisa Geiselsoder,Portland Fire,Dominique Malonga,26.57,2
Luisa Geiselsoder,Portland Fire,Flau'jae Johnson,26.45,2
Luisa Geiselsoder,Portland Fire,Emily Engstler,25.94,7
Luisa Geiselsoder,Portland Fire,Sarah Ashlee Barker,25.85,6
Luisa Geiselsoder,Portland Fire,Jade Melbourne,24.19,2
Luisa Geiselsoder,Portland Fire,Zia Cooke,19.61,2
Luisa Geiselsoder,Portland Fire,Frieda Buhner,16.67,7
Luisa Geiselsoder,Portland Fire,Nyadiew Puoch,15.41,7
Luisa Geiselsoder,Portland Fire,Karlie Samuelson,15.25,4
Luisa Geiselsoder,Portland Fire,Katie Lou Samuelson,14.48,2
Luisa Geiselsoder,Portland Fire,Serah Williams,12.48,7
Luisa Geiselsoder,Portland Fire,Teja Oblak,10.94,7
Luisa Geiselsoder,Portland Fire,Jordan Harrison,10.28,2
Luisa Geiselsoder,Portland Fire,Stefanie Dolson,9.29,2
Luisa Geiselsoder,Portland Fire,Holly Winterburn,8.31,4
Megan Gustafson,Portland Fire,Bridget Carleton,29.26,4
Megan Gustafson,Portland Fire,Carla Leite,26.67,4
Megan Gustafson,Portland Fire,Megan DiLeo,25.69,2
Megan Gustafson,Portland Fire,Emily Engstler,23.11,4
Megan Gustafson,Portland Fire,Sarah Ashlee Barker,19.44,3
Megan Gustafson,Portland Fire,Serah Williams,19.11,4
Megan Gustafson,Portland Fire,Frieda Buhner,18.27,4
Megan Gustafson,Portland Fire,Karlie Samuelson,17.43,3
Megan Gustafson,Portland Fire,Nyadiew Puoch,14.38,4
Megan Gustafson,Portland Fire,Teja Oblak,12.70,4
Megan Gustafson,Portland Fire,Luisa Geiselsoder,9.94,3
Megan Gustafson,Portland Fire,Holly Winterburn,8.32,3
Sarah Ashlee Barker,Portland Fire,Bridget Carleton,30.88,2
Sarah Ashlee Barker,Portland Fire,Carla Leite,23.67,2
Sarah Ashlee Barker,Portland Fire,Nyadiew Puoch,22.50,2
Sarah Ashlee Barker,Portland Fire,Emily Engstler,22.09,2
Sarah Ashlee Barker,Portland Fire,Frieda Buhner,17.91,2
Sarah Ashlee Barker,Portland Fire,Teja Oblak,14.75,2
Sarah Ashlee Barker,Portland Fire,Karlie Samuelson,13.50,2
Sarah Ashlee Barker,Portland Fire,Serah Williams,13.30,2
Sarah Ashlee Barker,Portland Fire,Holly Winterburn,13.13,2
Serah Williams,Portland Fire,Bridget Carleton,29.54,4
Serah Williams,Portland Fire,Sarah Ashlee Barker,26.73,4
Serah Williams,Portland Fire,Carla Leite,25.45,4
Serah Williams,Portland Fire,Emily Engstler,23.69,4
Serah Williams,Portland Fire,Megan Gustafson,22.55,4
Serah Williams,Portland Fire,Luisa Geiselsoder,17.45,4
Serah Williams,Portland Fire,Nyadiew Puoch,16.45,4
Serah Williams,Portland Fire,Karlie Samuelson,15.33,2
Serah Williams,Portland Fire,Teja Oblak,14.22,3
Serah Williams,Portland Fire,Frieda Buhner,12.94,4
Teja Oblak,Portland Fire,Breanna Stewart,33.13,2
Teja Oblak,Portland Fire,Marine Johannes,30.65,2
Teja Oblak,Portland Fire,Jonquel Jones,30.42,2
Teja Oblak,Portland Fire,Bridget Carleton,29.37,5
Teja Oblak,Portland Fire,Pauline Astier,26.04,2
Teja Oblak,Portland Fire,Luisa Geiselsoder,23.46,6
Teja Oblak,Portland Fire,Carla Leite,23.03,4
Teja Oblak,Portland Fire,Sug Sutton,22.82,3
Teja Oblak,Portland Fire,Emily Engstler,22.21,6
Teja Oblak,Portland Fire,Nyadiew Puoch,21.36,6
Teja Oblak,Portland Fire,Sarah Ashlee Barker,21.26,6
Teja Oblak,Portland Fire,Rebekah Gardner,21.11,2
Teja Oblak,Portland Fire,Betnijah Laney-Hamilton,20.80,2
Teja Oblak,Portland Fire,Holly Winterburn,16.77,3
Teja Oblak,Portland Fire,Kamiah Smalls,15.09,2
Teja Oblak,Portland Fire,Julie Vanloo,14.94,2
Teja Oblak,Portland Fire,Megan Gustafson,14.37,6
Teja Oblak,Portland Fire,Serah Williams,12.19,5
Teja Oblak,Portland Fire,Frieda Buhner,12.03,4
Teja Oblak,Portland Fire,Haley Jones,11.32,5
Teja Oblak,Portland Fire,Han Xu,6.42,2
Teja Oblak,Portland Fire,Aubrey Griffin,1.15,2
Awa Fam,Seattle Storm,Kennedy Burke,27.03,3
Awa Fam,Seattle Storm,Dominique Malonga,26.62,3
Awa Fam,Seattle Storm,Flau'jae Johnson,26.53,6
Awa Fam,Seattle Storm,Natisha Hiedeman,26.40,6
Awa Fam,Seattle Storm,Charlisse Leger-Walker,26.12,3
Awa Fam,Seattle Storm,Aaliyah Edwards,25.48,2
Awa Fam,Seattle Storm,Stefanie Dolson,25.47,6
Awa Fam,Seattle Storm,Jade Melbourne,24.71,6
Awa Fam,Seattle Storm,Diamond Miller,21.71,3
Awa Fam,Seattle Storm,Nell Angloma,21.58,2
Awa Fam,Seattle Storm,Raegan Beers,20.83,2
Awa Fam,Seattle Storm,Zia Cooke,19.49,6
Awa Fam,Seattle Storm,Aneesah Morrow,18.53,3
Awa Fam,Seattle Storm,Lexie Brown,18.38,6
Awa Fam,Seattle Storm,Saniya Rivers,17.99,3
Awa Fam,Seattle Storm,Jordan Horston,17.04,6
Awa Fam,Seattle Storm,Mackenzie Holmes,15.48,6
Awa Fam,Seattle Storm,Hailey Van Lith,14.07,3
Awa Fam,Seattle Storm,Ashlon Jackson,12.37,2
Awa Fam,Seattle Storm,Grace Vanslooten,11.90,4
Awa Fam,Seattle Storm,Gianna Kneepkens,7.71,3
Awa Fam,Seattle Storm,Taylor Thierry,6.83,2
Dominique Malonga,Seattle Storm,Kelsey Mitchell,31.49,2
Dominique Malonga,Seattle Storm,Sonia Citron,31.05,2
Dominique Malonga,Seattle Storm,Charlisse Leger-Walker,28.99,2
Dominique Malonga,Seattle Storm,Shakira Austin,28.70,2
Dominique Malonga,Seattle Storm,Natisha Hiedeman,28.53,9
Dominique Malonga,Seattle Storm,Caitlin Clark,28.49,2
Dominique Malonga,Seattle Storm,Awa Fam,26.61,6
Dominique Malonga,Seattle Storm,Georgia Amoore,26.28,2
Dominique Malonga,Seattle Storm,Flau'jae Johnson,25.65,9
Dominique Malonga,Seattle Storm,Aaliyah Edwards,25.48,2
Dominique Malonga,Seattle Storm,Kiki Iriafen,25.06,2
Dominique Malonga,Seattle Storm,Monique Billings,24.68,2
Dominique Malonga,Seattle Storm,Jade Melbourne,24.60,9
Dominique Malonga,Seattle Storm,Sophie Cunningham,24.44,2
Dominique Malonga,Seattle Storm,Kennedy Burke,23.76,2
Dominique Malonga,Seattle Storm,Stefanie Dolson,23.58,9
Dominique Malonga,Seattle Storm,Makayla Timpson,22.79,2
Dominique Malonga,Seattle Storm,Nell Angloma,21.58,2
Dominique Malonga,Seattle Storm,Jordan Horston,20.94,9
Dominique Malonga,Seattle Storm,Raegan Beers,20.83,2
Dominique Malonga,Seattle Storm,Michaela Onyenwere,19.78,2
Dominique Malonga,Seattle Storm,Diamond Miller,19.21,2
Dominique Malonga,Seattle Storm,Myisha Hines-Allen,19.13,2
Dominique Malonga,Seattle Storm,Lexie Hull,17.78,2
Dominique Malonga,Seattle Storm,Zia Cooke,17.49,9
Dominique Malonga,Seattle Storm,Saniya Rivers,17.12,2
Dominique Malonga,Seattle Storm,Cassandre Prosper,16.36,2
Dominique Malonga,Seattle Storm,Mackenzie Holmes,15.71,9
Dominique Malonga,Seattle Storm,Katie Lou Samuelson,15.18,6
Dominique Malonga,Seattle Storm,Angela Dugalic,14.02,2
Dominique Malonga,Seattle Storm,Lexie Brown,12.67,7
Dominique Malonga,Seattle Storm,Tyasha Harris,12.62,2
Dominique Malonga,Seattle Storm,Ashlon Jackson,12.37,2
Dominique Malonga,Seattle Storm,Lauren Betts,12.23,2
Dominique Malonga,Seattle Storm,Aneesah Morrow,12.10,2
Dominique Malonga,Seattle Storm,Cotie McMahon,11.58,2
Dominique Malonga,Seattle Storm,Hailey Van Lith,10.99,2
Dominique Malonga,Seattle Storm,Gianna Kneepkens,7.58,2
Dominique Malonga,Seattle Storm,Taylor Thierry,6.83,2
Dominique Malonga,Seattle Storm,Taina Mair,2.73,2
Jordan Horston,Seattle Storm,Natisha Hiedeman,32.47,5
Jordan Horston,Seattle Storm,Flau'jae Johnson,32.24,5
Jordan Horston,Seattle Storm,Awa Fam,31.91,5
Jordan Horston,Seattle Storm,Dominique Malonga,31.50,5
Jordan Horston,Seattle Storm,Jade Melbourne,24.18,4
Jordan Horston,Seattle Storm,Zia Cooke,18.53,5
Jordan Horston,Seattle Storm,Katie Lou Samuelson,17.85,5
Jordan Horston,Seattle Storm,Stefanie Dolson,13.93,5
Jordan Horston,Seattle Storm,Taylor Thierry,4.54,4
Jordan Horston,Seattle Storm,Mackenzie Holmes,3.26,3
Katie Lou Samuelson,Seattle Storm,Kennedy Burke,27.03,3
Katie Lou Samuelson,Seattle Storm,Dominique Malonga,26.62,3
Katie Lou Samuelson,Seattle Storm,Flau'jae Johnson,26.53,6
Katie Lou Samuelson,Seattle Storm,Natisha Hiedeman,26.40,6
Katie Lou Samuelson,Seattle Storm,Charlisse Leger-Walker,26.12,3
Katie Lou Samuelson,Seattle Storm,Aaliyah Edwards,25.48,2
Katie Lou Samuelson,Seattle Storm,Stefanie Dolson,25.47,6
Katie Lou Samuelson,Seattle Storm,Jade Melbourne,24.71,6
Katie Lou Samuelson,Seattle Storm,Diamond Miller,21.71,3
Katie Lou Samuelson,Seattle Storm,Nell Angloma,21.58,2
Katie Lou Samuelson,Seattle Storm,Raegan Beers,20.83,2
Katie Lou Samuelson,Seattle Storm,Zia Cooke,19.49,6
Katie Lou Samuelson,Seattle Storm,Aneesah Morrow,18.53,3
Katie Lou Samuelson,Seattle Storm,Lexie Brown,18.38,6
Katie Lou Samuelson,Seattle Storm,Saniya Rivers,17.99,3
Katie Lou Samuelson,Seattle Storm,Jordan Horston,17.04,6
Katie Lou Samuelson,Seattle Storm,Mackenzie Holmes,15.48,6
Katie Lou Samuelson,Seattle Storm,Hailey Van Lith,14.07,3
Katie Lou Samuelson,Seattle Storm,Ashlon Jackson,12.37,2
Katie Lou Samuelson,Seattle Storm,Grace Vanslooten,11.90,4
Katie Lou Samuelson,Seattle Storm,Gianna Kneepkens,7.71,3
Katie Lou Samuelson,Seattle Storm,Taylor Thierry,6.83,2
Lexie Brown,Seattle Storm,Rhyne Howard,36.09,2
Lexie Brown,Seattle Storm,Jordin Canada,35.02,2
Lexie Brown,Seattle Storm,Kelsey Mitchell,34.16,2
Lexie Brown,Seattle Storm,Allisha Gray,33.90,2
Lexie Brown,Seattle Storm,Olivia Miles,33.25,3
Lexie Brown,Seattle Storm,Kahleah Copper,32.56,3
Lexie Brown,Seattle Storm,Alyssa Thomas,31.84,3
Lexie Brown,Seattle Storm,Caitlin Clark,31.38,2
Lexie Brown,Seattle Storm,Awa Fam,31.13,20
Lexie Brown,Seattle Storm,Natisha Hiedeman,30.85,20
Lexie Brown,Seattle Storm,Nneka Ogwumike,30.73,2
Lexie Brown,Seattle Storm,Angel Reese,30.68,2
Lexie Brown,Seattle Storm,Monique Billings,30.32,2
Lexie Brown,Seattle Storm,Makayla Timpson,30.23,2
Lexie Brown,Seattle Storm,Kayla McBride,30.19,3
Lexie Brown,Seattle Storm,Bridget Carleton,29.69,2
Lexie Brown,Seattle Storm,Flau'jae Johnson,29.51,20
Lexie Brown,Seattle Storm,Dearica Hamby,28.74,2
Lexie Brown,Seattle Storm,Noemie Brochant,27.65,2
Lexie Brown,Seattle Storm,Megan Gustafson,27.59,2
Lexie Brown,Seattle Storm,Courtney Williams,26.85,3
Lexie Brown,Seattle Storm,Natasha Howard,26.82,3
Lexie Brown,Seattle Storm,DeWanna Bonner,26.32,3
Lexie Brown,Seattle Storm,Rae Burrell,25.91,2
Lexie Brown,Seattle Storm,Sarah Ashlee Barker,25.80,2
Lexie Brown,Seattle Storm,Dominique Malonga,25.69,18
Lexie Brown,Seattle Storm,Carla Leite,25.66,2
Lexie Brown,Seattle Storm,Sophie Cunningham,25.38,2
Lexie Brown,Seattle Storm,Erica Wheeler,24.84,2
Lexie Brown,Seattle Storm,Lexi Held,24.64,3
Lexie Brown,Seattle Storm,Natasha Mack,24.33,2
Lexie Brown,Seattle Storm,Emily Engstler,24.23,2
Lexie Brown,Seattle Storm,Nia Coffey,23.71,3
Lexie Brown,Seattle Storm,Jade Melbourne,23.65,19
Lexie Brown,Seattle Storm,Ariel Atkins,23.45,2
Lexie Brown,Seattle Storm,Monique Akoa Makani,21.20,2
Lexie Brown,Seattle Storm,Maya Caldwell,21.06,3
Lexie Brown,Seattle Storm,Jordan Horston,17.80,15
Lexie Brown,Seattle Storm,Valeriane Ayayi,17.62,3
Lexie Brown,Seattle Storm,Dorka Juhasz,17.47,2
Lexie Brown,Seattle Storm,Frieda Buhner,15.56,2
Lexie Brown,Seattle Storm,Katie Lou Samuelson,15.48,20
Lexie Brown,Seattle Storm,Lexie Hull,15.26,2
Lexie Brown,Seattle Storm,Te-Hina Paopao,13.94,2
Lexie Brown,Seattle Storm,Zia Cooke,13.59,20
Lexie Brown,Seattle Storm,Ezi Magbegor,13.40,4
Lexie Brown,Seattle Storm,Teja Oblak,13.33,2
Lexie Brown,Seattle Storm,Stefanie Dolson,13.33,20
Lexie Brown,Seattle Storm,Nyadiew Puoch,12.88,2
Lexie Brown,Seattle Storm,Tyasha Harris,12.77,2
Lexie Brown,Seattle Storm,Anastasiia Olairi Kosu,12.66,2
Lexie Brown,Seattle Storm,Serah Williams,12.42,2
Lexie Brown,Seattle Storm,Sika Kone,12.36,2
Lexie Brown,Seattle Storm,Isobel Borlase,11.76,2
Lexie Brown,Seattle Storm,Chance Gray,10.51,2
Lexie Brown,Seattle Storm,Madina Okot,10.29,2
Lexie Brown,Seattle Storm,Myisha Hines-Allen,10.05,2
Lexie Brown,Seattle Storm,Kyara Linskens,9.84,2
Lexie Brown,Seattle Storm,Antonia Delaere,7.53,3
Lexie Brown,Seattle Storm,Quionche Carter,7.52,2
Lexie Brown,Seattle Storm,Mackenzie Holmes,6.49,12
Lexie Brown,Seattle Storm,Jihyun Park,6.15,2
Lexie Brown,Seattle Storm,Taina Mair,4.09,3
Lexie Brown,Seattle Storm,Taylor Thierry,3.52,7
Lexie Brown,Seattle Storm,Eliska Hamzova,1.27,2
Mackenzie Holmes,Seattle Storm,Kayla McBride,33.98,2
Mackenzie Holmes,Seattle Storm,Olivia Miles,33.40,2
Mackenzie Holmes,Seattle Storm,Awa Fam,32.44,8
Mackenzie Holmes,Seattle Storm,Natisha Hiedeman,32.39,8
Mackenzie Holmes,Seattle Storm,Flau'jae Johnson,31.44,8
Mackenzie Holmes,Seattle Storm,Dominique Malonga,28.95,8
Mackenzie Holmes,Seattle Storm,Courtney Williams,26.56,2
Mackenzie Holmes,Seattle Storm,Natasha Howard,25.18,2
Mackenzie Holmes,Seattle Storm,Jade Melbourne,24.33,7
Mackenzie Holmes,Seattle Storm,Nia Coffey,21.87,2
Mackenzie Holmes,Seattle Storm,Maya Caldwell,20.41,2
Mackenzie Holmes,Seattle Storm,Dorka Juhasz,17.47,2
Mackenzie Holmes,Seattle Storm,Katie Lou Samuelson,16.32,8
Mackenzie Holmes,Seattle Storm,Zia Cooke,16.01,8
Mackenzie Holmes,Seattle Storm,Jordan Horston,13.22,6
Mackenzie Holmes,Seattle Storm,Ezi Magbegor,10.95,2
Mackenzie Holmes,Seattle Storm,Stefanie Dolson,10.26,8
Mackenzie Holmes,Seattle Storm,Antonia Delaere,4.39,2
Mackenzie Holmes,Seattle Storm,Eliska Hamzova,1.27,2
Brittney Sykes,Toronto Tempo,Jessica Shepard,36.07,2
Brittney Sykes,Toronto Tempo,Paige Bueckers,34.17,2
Brittney Sykes,Toronto Tempo,Azzi Fudd,33.19,2
Brittney Sykes,Toronto Tempo,Julie Allemand,32.00,12
Brittney Sykes,Toronto Tempo,Rhyne Howard,31.60,2
Brittney Sykes,Toronto Tempo,Marina Mabrey,31.30,12
Brittney Sykes,Toronto Tempo,Angel Reese,31.13,2
Brittney Sykes,Toronto Tempo,Allisha Gray,31.13,2
Brittney Sykes,Toronto Tempo,Maria Conde,30.81,13
Brittney Sykes,Toronto Tempo,Jordin Canada,30.78,2
Brittney Sykes,Toronto Tempo,Kayla McBride,29.55,2
Brittney Sykes,Toronto Tempo,Arike Ogunbowale,28.39,2
Brittney Sykes,Toronto Tempo,Olivia Miles,27.21,2
Brittney Sykes,Toronto Tempo,Natasha Howard,26.12,2
Brittney Sykes,Toronto Tempo,Laura Juskaite,25.85,13
Brittney Sykes,Toronto Tempo,Isabelle Harrison,25.55,11
Brittney Sykes,Toronto Tempo,Courtney Williams,25.41,2
Brittney Sykes,Toronto Tempo,Naz Hillmon,24.20,2
Brittney Sykes,Toronto Tempo,Napheesa Collier,23.38,2
Brittney Sykes,Toronto Tempo,Nyara Sabally,20.77,9
Brittney Sykes,Toronto Tempo,Kiki Rice,20.07,2
Brittney Sykes,Toronto Tempo,Temi Fagbenle,19.94,8
Brittney Sykes,Toronto Tempo,Isobel Borlase,19.73,2
Brittney Sykes,Toronto Tempo,Dorka Juhasz,18.05,2
Brittney Sykes,Toronto Tempo,Awak Kuier,16.34,2
Brittney Sykes,Toronto Tempo,Maya Caldwell,15.88,2
Brittney Sykes,Toronto Tempo,Kia Nurse,14.56,13
Brittney Sykes,Toronto Tempo,Antonia Delaere,12.41,2
Brittney Sykes,Toronto Tempo,Alysha Clark,11.53,2
Brittney Sykes,Toronto Tempo,Alanna Smith,11.07,2
Brittney Sykes,Toronto Tempo,Madina Okot,10.85,2
Brittney Sykes,Toronto Tempo,Tima Pouye,10.58,12
Brittney Sykes,Toronto Tempo,Odyssey Sims,10.17,2
Brittney Sykes,Toronto Tempo,Nia Coffey,10.09,2
Brittney Sykes,Toronto Tempo,Kayla Alexander,10.08,4
Brittney Sykes,Toronto Tempo,Eliska Hamzova,8.56,2
Brittney Sykes,Toronto Tempo,Aziaha James,6.97,2
Brittney Sykes,Toronto Tempo,Teonni Key,6.28,11
Brittney Sykes,Toronto Tempo,Maddy Siegrist,5.58,2
Brittney Sykes,Toronto Tempo,Ornella Bankole,5.22,2
Brittney Sykes,Toronto Tempo,Sika Kone,0.99,2
Isabelle Harrison,Toronto Tempo,Kelsey Plum,34.52,2
Isabelle Harrison,Toronto Tempo,Brittney Sykes,32.05,10
Isabelle Harrison,Toronto Tempo,Dearica Hamby,31.40,2
Isabelle Harrison,Toronto Tempo,Erica Wheeler,31.38,2
Isabelle Harrison,Toronto Tempo,Nneka Ogwumike,31.18,2
Isabelle Harrison,Toronto Tempo,Jade Melbourne,27.62,2
Isabelle Harrison,Toronto Tempo,Marina Mabrey,27.37,12
Isabelle Harrison,Toronto Tempo,Kayla McBride,27.35,3
Isabelle Harrison,Toronto Tempo,Rae Burrell,26.63,2
Isabelle Harrison,Toronto Tempo,Courtney Williams,26.59,3
Isabelle Harrison,Toronto Tempo,Flau'jae Johnson,26.35,2
Isabelle Harrison,Toronto Tempo,Olivia Miles,25.87,3
Isabelle Harrison,Toronto Tempo,Kiki Rice,25.57,12
Isabelle Harrison,Toronto Tempo,Julie Allemand,24.89,7
Isabelle Harrison,Toronto Tempo,Natasha Howard,24.66,3
Isabelle Harrison,Toronto Tempo,Nyara Sabally,24.33,9
Isabelle Harrison,Toronto Tempo,Maria Conde,24.01,12
Isabelle Harrison,Toronto Tempo,Napheesa Collier,23.38,2
Isabelle Harrison,Toronto Tempo,Natisha Hiedeman,22.78,2
Isabelle Harrison,Toronto Tempo,Stefanie Dolson,22.45,2
Isabelle Harrison,Toronto Tempo,Laura Juskaite,22.36,12
Isabelle Harrison,Toronto Tempo,Temi Fagbenle,20.46,3
Isabelle Harrison,Toronto Tempo,Jordan Horston,20.08,2
Isabelle Harrison,Toronto Tempo,Dorka Juhasz,18.05,2
Isabelle Harrison,Toronto Tempo,Maya Caldwell,17.78,3
Isabelle Harrison,Toronto Tempo,Cameron Brink,17.43,2
Isabelle Harrison,Toronto Tempo,Nia Coffey,14.96,3
Isabelle Harrison,Toronto Tempo,Lexie Brown,14.69,2
Isabelle Harrison,Toronto Tempo,Antonia Delaere,14.26,3
Isabelle Harrison,Toronto Tempo,Zia Cooke,13.60,2
Isabelle Harrison,Toronto Tempo,Kate Martin,12.22,2
Isabelle Harrison,Toronto Tempo,Kia Nurse,11.99,12
Isabelle Harrison,Toronto Tempo,Teonni Key,11.69,12
Isabelle Harrison,Toronto Tempo,Anastasiia Olairi Kosu,10.49,2
Isabelle Harrison,Toronto Tempo,Chance Gray,10.37,2
Isabelle Harrison,Toronto Tempo,Mackenzie Holmes,10.21,2
Isabelle Harrison,Toronto Tempo,Nikolina Milic,9.01,7
Isabelle Harrison,Toronto Tempo,Lexi Held,7.49,8
Isabelle Harrison,Toronto Tempo,Eliska Hamzova,7.48,3
Isabelle Harrison,Toronto Tempo,Mariella Fasoula,5.11,3
Isabelle Harrison,Toronto Tempo,Tima Pouye,3.62,3
Julie Allemand,Toronto Tempo,Brittney Sykes,32.42,5
Julie Allemand,Toronto Tempo,Kiki Rice,31.25,5
Julie Allemand,Toronto Tempo,Marina Mabrey,27.47,6
Julie Allemand,Toronto Tempo,Nyara Sabally,25.17,4
Julie Allemand,Toronto Tempo,Maria Conde,24.99,6
Julie Allemand,Toronto Tempo,Laura Juskaite,22.71,6
Julie Allemand,Toronto Tempo,Kia Nurse,15.28,6
Julie Allemand,Toronto Tempo,Teonni Key,13.01,6
Julie Allemand,Toronto Tempo,Lexi Held,10.11,5
Julie Allemand,Toronto Tempo,Nikolina Milic,10.07,4
Julie Allemand,Toronto Tempo,Mariella Fasoula,6.99,2
Kiki Rice,Toronto Tempo,Jessica Shepard,36.07,2
Kiki Rice,Toronto Tempo,Paige Bueckers,34.17,2
Kiki Rice,Toronto Tempo,Rhyne Howard,33.62,3
Kiki Rice,Toronto Tempo,Azzi Fudd,33.19,2
Kiki Rice,Toronto Tempo,Sonia Citron,32.68,2
Kiki Rice,Toronto Tempo,Allisha Gray,32.57,3
Kiki Rice,Toronto Tempo,Leila Lacan,31.58,2
Kiki Rice,Toronto Tempo,Brittney Sykes,31.23,5
Kiki Rice,Toronto Tempo,Marina Mabrey,31.09,15
Kiki Rice,Toronto Tempo,Julie Allemand,30.87,15
Kiki Rice,Toronto Tempo,Shakira Austin,30.07,2
Kiki Rice,Toronto Tempo,Jordin Canada,29.84,3
Kiki Rice,Toronto Tempo,Angel Reese,29.68,3
Kiki Rice,Toronto Tempo,Maria Conde,28.74,16
Kiki Rice,Toronto Tempo,Arike Ogunbowale,28.39,2
Kiki Rice,Toronto Tempo,Kennedy Burke,27.97,2
Kiki Rice,Toronto Tempo,Saniya Rivers,27.81,2
Kiki Rice,Toronto Tempo,Naz Hillmon,26.67,3
Kiki Rice,Toronto Tempo,Michaela Onyenwere,26.11,2
Kiki Rice,Toronto Tempo,Diamond Miller,25.51,2
Kiki Rice,Toronto Tempo,Laura Juskaite,25.33,16
Kiki Rice,Toronto Tempo,Aaliyah Edwards,25.13,2
Kiki Rice,Toronto Tempo,Isabelle Harrison,24.07,16
Kiki Rice,Toronto Tempo,Georgia Amoore,23.84,2
Kiki Rice,Toronto Tempo,Olivia Nelson-Ododa,22.93,2
Kiki Rice,Toronto Tempo,Nyara Sabally,22.78,10
Kiki Rice,Toronto Tempo,Lauren Betts,20.19,2
Kiki Rice,Toronto Tempo,Cotie McMahon,19.81,2
Kiki Rice,Toronto Tempo,Isobel Borlase,19.21,3
Kiki Rice,Toronto Tempo,Charlisse Leger-Walker,18.30,2
Kiki Rice,Toronto Tempo,Temi Fagbenle,17.44,9
Kiki Rice,Toronto Tempo,Awak Kuier,16.34,2
Kiki Rice,Toronto Tempo,Alicia Florez,13.78,2
Kiki Rice,Toronto Tempo,Te-Hina Paopao,12.95,2
Kiki Rice,Toronto Tempo,Kia Nurse,12.09,16
Kiki Rice,Toronto Tempo,Alysha Clark,11.53,2
Kiki Rice,Toronto Tempo,Alanna Smith,11.07,2
Kiki Rice,Toronto Tempo,Angela Dugalic,10.72,2
Kiki Rice,Toronto Tempo,Tima Pouye,10.44,16
Kiki Rice,Toronto Tempo,Odyssey Sims,10.17,2
Kiki Rice,Toronto Tempo,Kayla Alexander,10.08,4
Kiki Rice,Toronto Tempo,Madina Okot,9.10,3
Kiki Rice,Toronto Tempo,Nell Angloma,7.08,2
Kiki Rice,Toronto Tempo,Aziaha James,6.97,2
Kiki Rice,Toronto Tempo,Teonni Key,6.66,14
Kiki Rice,Toronto Tempo,Cassandre Prosper,5.73,2
Kiki Rice,Toronto Tempo,Maddy Siegrist,5.58,2
Kiki Rice,Toronto Tempo,Ornella Bankole,5.22,2
Kiki Rice,Toronto Tempo,Sika Kone,1.38,3
Kiki Rice,Toronto Tempo,Indya Nivar,1.18,2
Kiki Rice,Toronto Tempo,Aaliyah Nye,1.08,2
Nyara Sabally,Toronto Tempo,Marina Mabrey,28.84,9
Nyara Sabally,Toronto Tempo,Julie Allemand,28.80,7
Nyara Sabally,Toronto Tempo,Kayla McBride,28.79,2
Nyara Sabally,Toronto Tempo,Brittney Sykes,28.02,5
Nyara Sabally,Toronto Tempo,Maria Conde,27.94,9
Nyara Sabally,Toronto Tempo,Laura Juskaite,27.93,9
Nyara Sabally,Toronto Tempo,Olivia Miles,27.41,2
Nyara Sabally,Toronto Tempo,Courtney Williams,27.38,2
Nyara Sabally,Toronto Tempo,Isabelle Harrison,25.48,6
Nyara Sabally,Toronto Tempo,Natasha Howard,25.22,2
Nyara Sabally,Toronto Tempo,Kiki Rice,24.68,3
Nyara Sabally,Toronto Tempo,Temi Fagbenle,19.30,6
Nyara Sabally,Toronto Tempo,Nia Coffey,19.21,2
Nyara Sabally,Toronto Tempo,Maya Caldwell,17.44,2
Nyara Sabally,Toronto Tempo,Lexi Held,15.64,2
Nyara Sabally,Toronto Tempo,Antonia Delaere,13.63,2
Nyara Sabally,Toronto Tempo,Kayla Alexander,13.28,2
Nyara Sabally,Toronto Tempo,Kia Nurse,12.93,9
Nyara Sabally,Toronto Tempo,Nikolina Milic,12.24,2
Nyara Sabally,Toronto Tempo,Teonni Key,9.69,9
Nyara Sabally,Toronto Tempo,Tima Pouye,9.39,6
Nyara Sabally,Toronto Tempo,Eliska Hamzova,4.36,2
Temi Fagbenle,Toronto Tempo,Jessica Shepard,36.07,2
Temi Fagbenle,Toronto Tempo,Kelsey Plum,34.52,2
Temi Fagbenle,Toronto Tempo,Paige Bueckers,34.17,2
Temi Fagbenle,Toronto Tempo,Azzi Fudd,33.19,2
Temi Fagbenle,Toronto Tempo,Brittney Sykes,33.11,11
Temi Fagbenle,Toronto Tempo,Jonquel Jones,32.35,2
Temi Fagbenle,Toronto Tempo,Breanna Stewart,31.68,2
Temi Fagbenle,Toronto Tempo,Dearica Hamby,31.40,2
Temi Fagbenle,Toronto Tempo,Skylar Diggins,31.39,2
Temi Fagbenle,Toronto Tempo,Erica Wheeler,31.38,2
Temi Fagbenle,Toronto Tempo,Nneka Ogwumike,31.18,2
Temi Fagbenle,Toronto Tempo,Julie Allemand,28.92,10
Temi Fagbenle,Toronto Tempo,Natasha Cloud,28.83,2
Temi Fagbenle,Toronto Tempo,Marina Mabrey,28.82,16
Temi Fagbenle,Toronto Tempo,Arike Ogunbowale,28.39,2
Temi Fagbenle,Toronto Tempo,Kiki Rice,27.68,9
Temi Fagbenle,Toronto Tempo,Jade Melbourne,27.62,2
Temi Fagbenle,Toronto Tempo,Rae Burrell,26.63,2
Temi Fagbenle,Toronto Tempo,Pauline Astier,26.40,2
Temi Fagbenle,Toronto Tempo,Flau'jae Johnson,26.35,2
Temi Fagbenle,Toronto Tempo,Maria Conde,26.01,16
Temi Fagbenle,Toronto Tempo,Nyara Sabally,24.86,13
Temi Fagbenle,Toronto Tempo,Marine Johannes,24.53,2
Temi Fagbenle,Toronto Tempo,Laura Juskaite,23.95,16
Temi Fagbenle,Toronto Tempo,Natisha Hiedeman,22.78,2
Temi Fagbenle,Toronto Tempo,Isabelle Harrison,22.65,7
Temi Fagbenle,Toronto Tempo,Kamilla Cardoso,22.56,2
Temi Fagbenle,Toronto Tempo,Stefanie Dolson,22.45,2
Temi Fagbenle,Toronto Tempo,Elizabeth Williams,22.22,2
Temi Fagbenle,Toronto Tempo,Jordan Horston,20.08,2
Temi Fagbenle,Toronto Tempo,Jacy Sheldon,20.03,2
Temi Fagbenle,Toronto Tempo,Azura Stevens,19.48,2
Temi Fagbenle,Toronto Tempo,Cameron Brink,17.43,2
Temi Fagbenle,Toronto Tempo,Rachel Banham,17.26,2
Temi Fagbenle,Toronto Tempo,Betnijah Laney-Hamilton,16.60,2
Temi Fagbenle,Toronto Tempo,Awak Kuier,16.34,2
Temi Fagbenle,Toronto Tempo,Sydney Taylor,15.88,2
Temi Fagbenle,Toronto Tempo,Lexie Brown,14.69,2
Temi Fagbenle,Toronto Tempo,Han Xu,14.68,2
Temi Fagbenle,Toronto Tempo,Zia Cooke,13.60,2
Temi Fagbenle,Toronto Tempo,Kate Martin,12.22,2
Temi Fagbenle,Toronto Tempo,Alysha Clark,11.53,2
Temi Fagbenle,Toronto Tempo,Kayla Alexander,11.49,2
Temi Fagbenle,Toronto Tempo,Alanna Smith,11.07,2
Temi Fagbenle,Toronto Tempo,Kia Nurse,11.07,16
Temi Fagbenle,Toronto Tempo,Chance Gray,10.37,2
Temi Fagbenle,Toronto Tempo,Teonni Key,10.22,15
Temi Fagbenle,Toronto Tempo,Mackenzie Holmes,10.21,2
Temi Fagbenle,Toronto Tempo,Odyssey Sims,10.17,2
Temi Fagbenle,Toronto Tempo,Tima Pouye,9.05,9
Temi Fagbenle,Toronto Tempo,Nikolina Milic,9.01,7
Temi Fagbenle,Toronto Tempo,Lexi Held,8.28,7
Temi Fagbenle,Toronto Tempo,Rebekah Gardner,8.27,2
Temi Fagbenle,Toronto Tempo,Mariella Fasoula,6.99,2
Temi Fagbenle,Toronto Tempo,Aziaha James,6.97,2
Temi Fagbenle,Toronto Tempo,Maddy Siegrist,5.58,2
Temi Fagbenle,Toronto Tempo,Ornella Bankole,5.22,2
Alicia Florez,Washington Mystics,Breanna Stewart,35.32,2
Alicia Florez,Washington Mystics,Sonia Citron,33.64,11
Alicia Florez,Washington Mystics,Marine Johannes,32.17,2
Alicia Florez,Washington Mystics,Leila Lacan,28.52,2
Alicia Florez,Washington Mystics,Jonquel Jones,28.43,2
Alicia Florez,Washington Mystics,Kiki Iriafen,27.79,11
Alicia Florez,Washington Mystics,Natisha Hiedeman,27.71,2
Alicia Florez,Washington Mystics,Shakira Austin,27.41,11
Alicia Florez,Washington Mystics,Flau'jae Johnson,26.68,2
Alicia Florez,Washington Mystics,Kennedy Burke,25.41,2
Alicia Florez,Washington Mystics,Charlisse Leger-Walker,25.10,2
Alicia Florez,Washington Mystics,Georgia Amoore,24.87,12
Alicia Florez,Washington Mystics,Michaela Onyenwere,24.52,8
Alicia Florez,Washington Mystics,Jade Melbourne,23.89,2
Alicia Florez,Washington Mystics,Stefanie Dolson,22.93,2
Alicia Florez,Washington Mystics,Pauline Astier,22.35,2
Alicia Florez,Washington Mystics,Alicia Florez Getino,22.33,3
Alicia Florez,Washington Mystics,Brittney Griner,22.06,2
Alicia Florez,Washington Mystics,Olivia Nelson-Ododa,19.63,2
Alicia Florez,Washington Mystics,Jordan Horston,19.06,2
Alicia Florez,Washington Mystics,Awa Fam,18.87,2
Alicia Florez,Washington Mystics,Cotie McMahon,18.83,10
Alicia Florez,Washington Mystics,Han Xu,18.54,2
Alicia Florez,Washington Mystics,Diamond Miller,18.32,2
Alicia Florez,Washington Mystics,Aaliyah Edwards,17.62,2
Alicia Florez,Washington Mystics,Zia Cooke,17.50,2
Alicia Florez,Washington Mystics,Cassandre Prosper,17.08,10
Alicia Florez,Washington Mystics,Mackenzie Holmes,17.08,2
Alicia Florez,Washington Mystics,Rebekah Gardner,17.04,2
Alicia Florez,Washington Mystics,Katie Lou Samuelson,16.66,2
Alicia Florez,Washington Mystics,Lauren Betts,16.11,12
Alicia Florez,Washington Mystics,Alex Wilson,14.48,4
Alicia Florez,Washington Mystics,Angela Dugalic,13.21,12
Alicia Florez,Washington Mystics,Rori Harmon,10.02,6
Alicia Florez,Washington Mystics,Lexie Brown,9.63,2
Alicia Florez,Washington Mystics,Lucy Olsen,9.14,9
Alicia Florez,Washington Mystics,Nell Angloma,9.07,2
Alicia Florez,Washington Mystics,Raegan Beers,8.13,2
Cassandre Prosper,Washington Mystics,Sonia Citron,37.72,4
Cassandre Prosper,Washington Mystics,Kayla McBride,36.93,2
Cassandre Prosper,Washington Mystics,Natasha Howard,36.00,2
Cassandre Prosper,Washington Mystics,Olivia Miles,33.74,2
Cassandre Prosper,Washington Mystics,Kiki Iriafen,33.52,4
Cassandre Prosper,Washington Mystics,Michaela Onyenwere,30.78,4
Cassandre Prosper,Washington Mystics,Shakira Austin,29.42,4
Cassandre Prosper,Washington Mystics,Courtney Williams,28.17,2
Cassandre Prosper,Washington Mystics,Nia Coffey,26.88,2
Cassandre Prosper,Washington Mystics,Georgia Amoore,25.73,4
Cassandre Prosper,Washington Mystics,Cotie McMahon,24.84,4
Cassandre Prosper,Washington Mystics,Alicia Florez,17.95,2
Cassandre Prosper,Washington Mystics,Lauren Betts,16.06,4
Cassandre Prosper,Washington Mystics,Maya Caldwell,13.42,2
Cassandre Prosper,Washington Mystics,Anastasiia Olairi Kosu,10.96,2
Cassandre Prosper,Washington Mystics,Angela Dugalic,10.64,4
Cassandre Prosper,Washington Mystics,Antonia Delaere,7.74,2
Cassandre Prosper,Washington Mystics,Lucy Olsen,7.33,4
Cassandre Prosper,Washington Mystics,Teaira McCowan,6.16,2
Cotie McMahon,Washington Mystics,Sonia Citron,35.11,2
Cotie McMahon,Washington Mystics,Shakira Austin,30.67,2
Cotie McMahon,Washington Mystics,Kiki Iriafen,27.68,2
Cotie McMahon,Washington Mystics,Cassandre Prosper,23.06,2
Cotie McMahon,Washington Mystics,Georgia Amoore,20.90,2
Cotie McMahon,Washington Mystics,Rori Harmon,20.63,2
Cotie McMahon,Washington Mystics,Alex Wilson,20.47,2
Cotie McMahon,Washington Mystics,Lauren Betts,15.23,2
Cotie McMahon,Washington Mystics,Angela Dugalic,11.43,2
Cotie McMahon,Washington Mystics,Lucy Olsen,7.34,2
Kiki Iriafen,Washington Mystics,Sonia Citron,34.38,3
Kiki Iriafen,Washington Mystics,Shakira Austin,31.03,2
Kiki Iriafen,Washington Mystics,Michaela Onyenwere,27.26,3
Kiki Iriafen,Washington Mystics,Lauren Betts,25.78,3
Kiki Iriafen,Washington Mystics,Angela Dugalic,23.34,3
Kiki Iriafen,Washington Mystics,Cotie McMahon,21.61,3
Kiki Iriafen,Washington Mystics,Georgia Amoore,20.26,3
Kiki Iriafen,Washington Mystics,Alicia Florez,18.30,2
Kiki Iriafen,Washington Mystics,Lucy Olsen,11.83,2
Kiki Iriafen,Washington Mystics,Cassandre Prosper,5.88,3
Michaela Onyenwere,Washington Mystics,Sonia Citron,33.59,4
Michaela Onyenwere,Washington Mystics,Shakira Austin,30.29,4
Michaela Onyenwere,Washington Mystics,Kiki Iriafen,29.42,4
Michaela Onyenwere,Washington Mystics,Cotie McMahon,25.53,2
Michaela Onyenwere,Washington Mystics,Cassandre Prosper,24.02,4
Michaela Onyenwere,Washington Mystics,Georgia Amoore,22.43,4
Michaela Onyenwere,Washington Mystics,Lauren Betts,14.75,4
Michaela Onyenwere,Washington Mystics,Alex Wilson,14.48,4
Michaela Onyenwere,Washington Mystics,Rori Harmon,13.93,4
Michaela Onyenwere,Washington Mystics,Angela Dugalic,10.55,4
Michaela Onyenwere,Washington Mystics,Lucy Olsen,8.37,3
Sonia Citron,Washington Mystics,Kiki Iriafen,29.16,3
Sonia Citron,Washington Mystics,Cotie McMahon,29.11,3
Sonia Citron,Washington Mystics,Shakira Austin,26.09,3
Sonia Citron,Washington Mystics,Michaela Onyenwere,24.62,3
Sonia Citron,Washington Mystics,Alicia Florez,22.00,2
Sonia Citron,Washington Mystics,Georgia Amoore,18.48,3
Sonia Citron,Washington Mystics,Cassandre Prosper,15.91,3
Sonia Citron,Washington Mystics,Lauren Betts,14.54,3
Sonia Citron,Washington Mystics,Lucy Olsen,10.24,3
Sonia Citron,Washington Mystics,Angela Dugalic,10.19,3
